(D:\conda_env\hahaha) PS E:\messy_files\UD_lab_test> & D:\conda_env\hahaha\python.exe e:/messy_files/UD_lab_test/lasttry2/scripts/predict.py
❌ 模型权重文件不存在，请先运行train.py训练模型！
(D:\conda_env\hahaha) PS E:\messy_files\UD_lab_test> & D:\conda_env\hahaha\python.exe e:/messy_files/UD_lab_test/lasttry2/scripts/predict.py
❌ 模型权重文件不存在，请先运行train.py训练模型！
(D:\conda_env\hahaha) PS E:\messy_files\UD_lab_test> & D:\conda_env\hahaha\python.exe e:/messy_files/UD_lab_test/lasttry2/scripts/predict.py
Traceback (most recent call last):
  File "e:\messy_files\UD_lab_test\lasttry2\scripts\predict.py", line 55, in <module>
    main()
  File "e:\messy_files\UD_lab_test\lasttry2\scripts\predict.py", line 20, in main
    if not MODEL_PATH.exists():
AttributeError: 'str' object has no attribute 'exists'
(D:\conda_env\hahaha) PS E:\messy_files\UD_lab_test> ^C
(D:\conda_env\hahaha) PS E:\messy_files\UD_lab_test> & D:\conda_env\hahaha\python.exe e:/messy_files/UD_lab_test/lasttry2/scripts/predict.py
✅ 加载模型完成：E:\messy_files\UD_lab_test\runs\segment\runs\segment\yolo_model1\weights\best.pt
📸 选择测试图片：e:\messy_files\UD_lab_test\lasttry2\data\PennFudanPed_YOLO\images\val\PennPed00014.png

image 1/1 e:\messy_files\UD_lab_test\lasttry2\data\PennFudanPed_YOLO\images\val\PennPed00014.png: 448x640 1 person, 38.7ms
Speed: 1.2ms preprocess, 38.7ms inference, 15.7ms postprocess per image at shape (1, 3, 448, 640)
e:\messy_files\UD_lab_test\lasttry2\scripts\predict.py:47: UserWarning: Glyph 34892 (\N{CJK UNIFIED IDEOGRAPH-884C}) missing from font(s) DejaVu Sans.
  plt.tight_layout()
e:\messy_files\UD_lab_test\lasttry2\scripts\predict.py:47: UserWarning: Glyph 20154 (\N{CJK UNIFIED IDEOGRAPH-4EBA}) missing from font(s) DejaVu Sans.
  plt.tight_layout()
e:\messy_files\UD_lab_test\lasttry2\scripts\predict.py:47: UserWarning: Glyph 23454 (\N{CJK UNIFIED IDEOGRAPH-5B9E}) missing from font(s) DejaVu Sans.
  plt.tight_layout()
e:\messy_files\UD_lab_test\lasttry2\scripts\predict.py:47: UserWarning: Glyph 20363 (\N{CJK UNIFIED IDEOGRAPH-4F8B}) missing from font(s) DejaVu Sans.
  plt.tight_layout()
e:\messy_files\UD_lab_test\lasttry2\scripts\predict.py:47: UserWarning: Glyph 20998 (\N{CJK UNIFIED IDEOGRAPH-5206}) missing from font(s) DejaVu Sans.
  plt.tight_layout()
  plt.tight_layout()
  plt.tight_layout()
e:\messy_files\UD_lab_test\lasttry2\scripts\predict.py:47: UserWarning: Glyph 32467 (\N{CJK UNIFIED IDEOGRAPH-7ED3}) missing from font(s) DejaVu Sans.
  plt.tight_layout()
e:\messy_files\UD_lab_test\lasttry2\scripts\predict.py:47: UserWarning: Glyph 26524 (\N{CJK UNIFIED IDEOGRAPH-679C}) missing from font(s) DejaVu Sans.
  plt.tight_layout()
  plt.tight_layout()
e:\messy_files\UD_lab_test\lasttry2\scripts\predict.py:48: UserWarning: Glyph 34892 (\N{CJK UNIFIED IDEOGRAPH-884C}) missing from font(s) DejaVu Sans.
e:\messy_files\UD_lab_test\lasttry2\scripts\predict.py:48: UserWarning: Glyph 34892 (\N{CJK UNIFIED IDEOGRAPH-884C}) missing from font(s) DejaVu Sans.
  plt.show()
e:\messy_files\UD_lab_test\lasttry2\scripts\predict.py:48: UserWarning: Glyph 20154 (\N{CJK UNIFIED IDEOGRAPH-4EBA}) missing from font(s) DejaVu Sans.
e:\messy_files\UD_lab_test\lasttry2\scripts\predict.py:48: UserWarning: Glyph 20154 (\N{CJK UNIFIED IDEOGRAPH-4EBA}) missing from font(s) DejaVu Sans.
  plt.show()
e:\messy_files\UD_lab_test\lasttry2\scripts\predict.py:48: UserWarning: Glyph 23454 (\N{CJK UNIFIED IDEOGRAPH-5B9E}) missing from font(s) DejaVu Sans.
e:\messy_files\UD_lab_test\lasttry2\scripts\predict.py:48: UserWarning: Glyph 20363 (\N{CJK UNIFIED IDEOGRAPH-4F8B}) missing from font(s) DejaVu Sans.
  plt.show()
e:\messy_files\UD_lab_test\lasttry2\scripts\predict.py:48: UserWarning: Glyph 20998 (\N{CJK UNIFIED IDEOGRAPH-5206}) missing from font(s) DejaVu Sans.
e:\messy_files\UD_lab_test\lasttry2\scripts\predict.py:48: UserWarning: Glyph 21106 (\N{CJK UNIFIED IDEOGRAPH-5272}) missing from font(s) DejaVu Sans.
  plt.show()
e:\messy_files\UD_lab_test\lasttry2\scripts\predict.py:48: UserWarning: Glyph 32467 (\N{CJK UNIFIED IDEOGRAPH-7ED3}) missing from font(s) DejaVu Sans.
  plt.show()
e:\messy_files\UD_lab_test\lasttry2\scripts\predict.py:48: UserWarning: Glyph 26524 (\N{CJK UNIFIED IDEOGRAPH-679C}) missing from font(s) DejaVu Sans.
  plt.show()
✅ 预测结果已保存至：e:\messy_files\UD_lab_test\lasttry2\prediction_result.jpg
(D:\conda_env\hahaha) PS E:\messy_files\UD_lab_test> ^C
(D:\conda_env\hahaha) PS E:\messy_files\UD_lab_test> & D:\conda_env\hahaha\python.exe e:/messy_files/UD_lab_test/lasttry2/scripts/predict.py
✅ 加载模型完成：E:\messy_files\UD_lab_test\runs\segment\runs\segment\yolo_model1\weights\best.pt
❌ 验证集图片不存在！
(D:\conda_env\hahaha) PS E:\messy_files\UD_lab_test> & D:\conda_env\hahaha\python.exe e:/messy_files/UD_lab_test/lasttry2/scripts/predict.py
  File "e:\messy_files\UD_lab_test\lasttry2\scripts\predict.py", line 9
    MODEL_PATH = "E:\messy_files\UD_lab_test\runs\segment\runs\segment\yolo_model1\weights\best.pt"
                                                                                                   ^
SyntaxError: (unicode error) 'unicodeescape' codec can't decode bytes in position 14-16: truncated \UXXXXXXXX escape
(D:\conda_env\hahaha) PS E:\messy_files\UD_lab_test> & D:\conda_env\hahaha\python.exe e:/messy_files/UD_lab_test/lasttry2/scripts/predict.py
  File "e:\messy_files\UD_lab_test\lasttry2\scripts\predict.py", line 9
    MODEL_PATH = "E:\messy_files\UD_lab_test\runs\segment\runs\segment\yolo_model1\weights\best.pt"
                                                                                                   ^
SyntaxError: (unicode error) 'unicodeescape' codec can't decode bytes in position 14-16: truncated \UXXXXXXXX escape
(D:\conda_env\hahaha) PS E:\messy_files\UD_lab_test> & D:\conda_env\hahaha\python.exe e:/messy_files/UD_lab_test/lasttry2/scripts/predict.py
✅ 加载模型完成：E:\messy_files\UD_lab_test\runs\segment\runs\segment\yolo_model1\weights\best.pt
✅ 加载模型完成：E:\messy_files\UD_lab_test\runs\segment\runs\segment\yolo_model1\weights\best.pt
❌ 验证集图片不存在！
❌ 验证集图片不存在！
(D:\conda_env\hahaha) PS E:\messy_files\UD_lab_test> & D:\conda_env\hahaha\python.exe e:/messy_files/UD_lab_test/lasttry2/scripts/predict.py
✅ 加载模型完成：E:\messy_files\UD_lab_test\runs\segment\runs\segment\yolo_model1\weights\best.pt
📸 选择测试图片：E:\messy_files\UD_lab_test\runs\segment\val\MaskR_curve.png

image 1/1 E:\messy_files\UD_lab_test\runs\segment\val\MaskR_curve.png: 448x640 (no detections), 36.2ms
image 1/1 E:\messy_files\UD_lab_test\runs\segment\val\MaskR_curve.png: 448x640 (no detections), 36.2ms
Speed: 1.9ms preprocess, 36.2ms inference, 0.4ms postprocess per image at shape (1, 3, 448, 640)

✅ 图片保存完成：
- 拼接组合图：E:\messy_files\UD_lab_test\MaskR_curve_组合效果图.jpg
- 原图：E:\messy_files\UD_lab_test\MaskR_curve_原图.jpg
- 原图：E:\messy_files\UD_lab_test\MaskR_curve_原图.jpg
- 仅BBox：E:\messy_files\UD_lab_test\MaskR_curve_仅BBox.jpg
- 仅BBox：E:\messy_files\UD_lab_test\MaskR_curve_仅BBox.jpg
- Mask叠加：E:\messy_files\UD_lab_test\MaskR_curve_Mask叠加.jpg
- Mask叠加：E:\messy_files\UD_lab_test\MaskR_curve_Mask叠加.jpg
✅ 加载模型完成：E:\messy_files\UD_lab_test\runs\segment\runs\segment\yolo_model1\weights\best.pt
📸 选择测试图片：E:\messy_files\UD_lab_test\lasttry2\data\PennFudanPed_YOLO\images\val\PennPed00096.png

image 1/1 E:\messy_files\UD_lab_test\lasttry2\data\PennFudanPed_YOLO\images\val\PennPed00096.png: 640x576 1 person, 35.9ms
Speed: 2.0ms preprocess, 35.9ms inference, 12.6ms postprocess per image at shape (1, 3, 640, 576)

✅ 图片保存完成：
- 拼接组合图：E:\messy_files\UD_lab_test\PennPed00096_组合效果图.jpg
- 原图：E:\messy_files\UD_lab_test\PennPed00096_原图.jpg
- 仅BBox：E:\messy_files\UD_lab_test\PennPed00096_仅BBox.jpg
- Mask叠加：E:\messy_files\UD_lab_test\PennPed00096_Mask叠加.jpg
(D:\conda_env\hahaha) PS E:\messy_files\UD_lab_test>
 *  还原的历史记录 






(base) PS E:\messy_files\UD_lab_test>



(base) PS E:\messy_files\UD_lab_test>
(base) PS E:\messy_files\UD_lab_test>
(base) PS E:\messy_files\UD_lab_test> ^C
(base) PS E:\messy_files\UD_lab_test> ^C
(base) PS E:\messy_files\UD_lab_test> ^C
(base) PS E:\messy_files\UD_lab_test> ^C
(base) PS E:\messy_files\UD_lab_test> ^C
(base) PS E:\messy_files\UD_lab_test> (D:\soft\anaconda1\shell\condabin\conda-hook.ps1) ; (conda activate hahaha)
(D:\conda_env\hahaha) PS E:\messy_files\UD_lab_tes

(base) PS E:\messy_files\UD_lab_test> & D:\conda_env\hahaha\python.exe e:/messy_files/UD_lab_test/lasttry2/scripts/train.py
加载模型完成：yolov8s-seg.pt
开始训练。
Ultralytics 8.4.14  Python-3.9.25 torch-2.5.1+cu121 CUDA:0 (NVIDIA GeForce RTX 4070 Laptop GPU, 8188MiB)
engine\trainer: agnostic_nms=False, amp=True, angle=1.0, augment=False, auto_augment=randaugment, batch=8, bgr=0.0, box=7.5, cache=False, cfg=None, classes=None, close_mosaic=10, cls=0.5, compile=False, conf=None, copy_paste=0.0, copy_paste_mode=flip, cos_lr=False, cutmix=0.0, data=e:\messy_files\UD_lab_test\lasttry2\config\PennFudan.yaml, degrees=0.0, deterministic=True, device=0, dfl=1.5, dnn=False, dropout=0.0, dynamic=False, embed=None, end2end=None, epochs=30, erasing=0.4, exist_ok=True, fliplr=0.5, flipud=0.0, format=torchscript, fraction=1.0, freeze=None, half=False, hsv_h=0.015, hsv_s=0.7, hsv_v=0.4, imgsz=640, int8=False, iou=0.7, keras=False, kobj=1.0, line_width=None, lr0=0.01, lrf=0.01, mask_ratio=4, max_det=300, mixup=0.0, mode=train, model=yolov8s-seg.pt, momentum=0.937, mosaic=1.0, multi_scale=0.0, name=yolo_model1, nbs=64, nms=False, opset=None, optimize=False, optimizer=auto, overlap_mask=True, patience=50, perspective=0.0, plots=True, pose=12.0, pretrained=True, profile=False, project=runs/segment, rect=False, resume=False, retina_masks=False, rle=1.0, save=True, save_conf=False, save_crop=False, save_dir=E:\messy_files\UD_lab_test\runs\segment\runs\segment\yolo_model1, save_frames=False, save_json=False, save_period=-1, save_txt=False, scale=0.5, seed=0, shear=0.0, show=False, show_boxes=True, show_conf=True, show_labels=True, simplify=True, single_cls=False, source=None, split=val, stream_buffer=False, task=segment, time=None, tracker=botsort.yaml, translate=0.1, val=True, verbose=True, vid_stride=1, visualize=False, warmup_bias_lr=0.1, warmup_epochs=3.0, warmup_momentum=0.8, weight_decay=0.0005, workers=0, workspace=None
Overriding model.yaml nc=80 with nc=1

                   from  n    params  module                                       arguments
  0                  -1  1       928  ultralytics.nn.modules.conv.Conv             [3, 32, 3, 2]
  1                  -1  1     18560  ultralytics.nn.modules.conv.Conv             [32, 64, 3, 2]
  2                  -1  1     29056  ultralytics.nn.modules.block.C2f             [64, 64, 1, True]
  3                  -1  1     73984  ultralytics.nn.modules.conv.Conv             [64, 128, 3, 2]
  4                  -1  2    197632  ultralytics.nn.modules.block.C2f             [128, 128, 2, True]
  5                  -1  1    295424  ultralytics.nn.modules.conv.Conv             [128, 256, 3, 2]
  6                  -1  2    788480  ultralytics.nn.modules.block.C2f             [256, 256, 2, True]
  7                  -1  1   1180672  ultralytics.nn.modules.conv.Conv             [256, 512, 3, 2]
  8                  -1  1   1838080  ultralytics.nn.modules.block.C2f             [512, 512, 1, True]
  9                  -1  1    656896  ultralytics.nn.modules.block.SPPF            [512, 512, 5]
 10                  -1  1         0  torch.nn.modules.upsampling.Upsample         [None, 2, 'nearest']
 11             [-1, 6]  1         0  ultralytics.nn.modules.conv.Concat           [1]
 12                  -1  1    591360  ultralytics.nn.modules.block.C2f             [768, 256, 1]
 13                  -1  1         0  torch.nn.modules.upsampling.Upsample         [None, 2, 'nearest']
 14             [-1, 4]  1         0  ultralytics.nn.modules.conv.Concat           [1]
 15                  -1  1    148224  ultralytics.nn.modules.block.C2f             [384, 128, 1]
 16                  -1  1    147712  ultralytics.nn.modules.conv.Conv             [128, 128, 3, 2]
 17            [-1, 12]  1         0  ultralytics.nn.modules.conv.Concat           [1]
 18                  -1  1    493056  ultralytics.nn.modules.block.C2f             [384, 256, 1]
 19                  -1  1    590336  ultralytics.nn.modules.conv.Conv             [256, 256, 3, 2]
 20             [-1, 9]  1         0  ultralytics.nn.modules.conv.Concat           [1]
 21                  -1  1   1969152  ultralytics.nn.modules.block.C2f             [768, 512, 1]
 22        [15, 18, 21]  1   2770931  ultralytics.nn.modules.head.Segment          [1, 32, 128, 16, None, [128, 256, 512]]
YOLOv8s-seg summary: 152 layers, 11,790,483 parameters, 11,790,467 gradients, 40.2 GFLOPs

Transferred 411/417 items from pretrained weights
Freezing layer 'model.22.dfl.conv.weight'
AMP: running Automatic Mixed Precision (AMP) checks...
AMP: checks passed 
train: Fast image access  (ping: 0.10.0 ms, read: 477.1217.6 MB/s, size: 305.5 KB)
train: Scanning E:\messy_files\UD_lab_test\lasttry2\data\PennFudanPed_YOLO\labels\train.cache... 153 images, 0 backgrounds, 0 corrupt: 100% ━━━━━━━━━━━━ 153/153  0.0s
val: Fast image access  (ping: 0.10.0 ms, read: 425.470.1 MB/s, size: 270.3 KB)
val: Scanning E:\messy_files\UD_lab_test\lasttry2\data\PennFudanPed_YOLO\labels\val.cache... 17 images, 0 backgrounds, 0 corrupt: 100% ━━━━━━━━━━━━ 17/17  0.0s     
optimizer: 'optimizer=auto' found, ignoring 'lr0=0.01' and 'momentum=0.937' and determining best 'optimizer', 'lr0' and 'momentum' automatically...
optimizer: AdamW(lr=0.002, momentum=0.9) with parameter groups 66 weight(decay=0.0), 77 weight(decay=0.0005), 76 bias(decay=0.0)
Plotting labels to E:\messy_files\UD_lab_test\runs\segment\runs\segment\yolo_model1\labels.jpg... 
Image sizes 640 train, 640 val
Using 0 dataloader workers
Logging results to E:\messy_files\UD_lab_test\runs\segment\runs\segment\yolo_model1
Starting training for 30 epochs...

      Epoch    GPU_mem   box_loss   seg_loss   cls_loss   dfl_loss   sem_loss  Instances       Size
       1/30      2.29G      1.627      6.474      4.265      1.768          0          4        640: 100% ━━━━━━━━━━━━ 20/20 3.5it/s 5.8s
                 Class     Images  Instances      Box(P          R      mAP50  mAP50-95)     Mask(P          R      mAP50  mAP50-95): 50% ━━━━━━────── 1/2 1.0s/it 0                 Class     Images  Instances      Box(P          R      mAP50  mAP50-95)     Mask(P          R      mAP50  mAP50-95): 100% ━━━━━━━━━━━━ 2/2 5.2it/s 0.4s
                   all         17         17      0.285      0.353      0.241     0.0997          0          0          0          0

      Epoch    GPU_mem   box_loss   seg_loss   cls_loss   dfl_loss   sem_loss  Instances       Size
       2/30      2.86G      1.377      4.345      2.127      1.609          0          3        640: 100% ━━━━━━━━━━━━ 20/20 4.8it/s 4.2s
                 Class     Images  Instances      Box(P          R      mAP50  mAP50-95)     Mask(P          R      mAP50  mAP50-95): 50% ━━━━━━────── 1/2 1.3it/s 0                 Class     Images  Instances      Box(P          R      mAP50  mAP50-95)     Mask(P          R      mAP50  mAP50-95): 100% ━━━━━━━━━━━━ 2/2 7.4it/s 0.3s
                   all         17         17      0.176      0.706      0.236      0.105          0          0          0          0

      Epoch    GPU_mem   box_loss   seg_loss   cls_loss   dfl_loss   sem_loss  Instances       Size
       3/30      2.86G      1.401      4.363      1.711      1.578          0          1        640: 100% ━━━━━━━━━━━━ 20/20 5.0it/s 4.0s
                 Class     Images  Instances      Box(P          R      mAP50  mAP50-95)     Mask(P          R      mAP50  mAP50-95): 50% ━━━━━━────── 1/2 1.2it/s 0                 Class     Images  Instances      Box(P          R      mAP50  mAP50-95)     Mask(P          R      mAP50  mAP50-95): 100% ━━━━━━━━━━━━ 2/2 7.1it/s 0.3s
                   all         17         17      0.239      0.529      0.254     0.0965          0          0          0          0

      Epoch    GPU_mem   box_loss   seg_loss   cls_loss   dfl_loss   sem_loss  Instances       Size
       4/30      2.86G      1.604      4.339      1.715      1.717          0          2        640: 100% ━━━━━━━━━━━━ 20/20 5.0it/s 4.0s
                 Class     Images  Instances      Box(P          R      mAP50  mAP50-95)     Mask(P          R      mAP50  mAP50-95): 50% ━━━━━━────── 1/2 1.2it/s 0                 Class     Images  Instances      Box(P          R      mAP50  mAP50-95)     Mask(P          R      mAP50  mAP50-95): 100% ━━━━━━━━━━━━ 2/2 7.3it/s 0.3s
                   all         17         17      0.141      0.647      0.259     0.0632          0          0          0          0

      Epoch    GPU_mem   box_loss   seg_loss   cls_loss   dfl_loss   sem_loss  Instances       Size
       5/30      2.86G      1.496      4.223       1.56      1.547          0          4        640: 100% ━━━━━━━━━━━━ 20/20 5.0it/s 4.0s
                 Class     Images  Instances      Box(P          R      mAP50  mAP50-95)     Mask(P          R      mAP50  mAP50-95): 50% ━━━━━━────── 1/2 1.3it/s 0                 Class     Images  Instances      Box(P          R      mAP50  mAP50-95)     Mask(P          R      mAP50  mAP50-95): 100% ━━━━━━━━━━━━ 2/2 7.8it/s 0.3s
                   all         17         17      0.358      0.529      0.391      0.106          0          0          0          0

      Epoch    GPU_mem   box_loss   seg_loss   cls_loss   dfl_loss   sem_loss  Instances       Size
       6/30      2.86G       1.54      4.167      1.557      1.624          0          2        640: 100% ━━━━━━━━━━━━ 20/20 5.1it/s 3.9s
                 Class     Images  Instances      Box(P          R      mAP50  mAP50-95)     Mask(P          R      mAP50  mAP50-95): 50% ━━━━━━────── 1/2 1.4it/s 0                 Class     Images  Instances      Box(P          R      mAP50  mAP50-95)     Mask(P          R      mAP50  mAP50-95): 100% ━━━━━━━━━━━━ 2/2 8.0it/s 0.2s
                   all         17         17      0.135      0.458      0.108     0.0262          0          0          0          0

      Epoch    GPU_mem   box_loss   seg_loss   cls_loss   dfl_loss   sem_loss  Instances       Size
       7/30      2.86G      1.444      4.322      1.466      1.554          0          4        640: 100% ━━━━━━━━━━━━ 20/20 5.0it/s 4.0s
                 Class     Images  Instances      Box(P          R      mAP50  mAP50-95)     Mask(P          R      mAP50  mAP50-95): 50% ━━━━━━────── 1/2 1.4it/s 0                 Class     Images  Instances      Box(P          R      mAP50  mAP50-95)     Mask(P          R      mAP50  mAP50-95): 100% ━━━━━━━━━━━━ 2/2 8.1it/s 0.2s
                   all         17         17      0.313      0.765      0.466      0.139          0          0          0          0

      Epoch    GPU_mem   box_loss   seg_loss   cls_loss   dfl_loss   sem_loss  Instances       Size
       8/30      2.86G      1.445      4.254       1.34      1.545          0          1        640: 100% ━━━━━━━━━━━━ 20/20 5.0it/s 4.0s
                 Class     Images  Instances      Box(P          R      mAP50  mAP50-95)     Mask(P          R      mAP50  mAP50-95): 50% ━━━━━━────── 1/2 1.4it/s 0                 Class     Images  Instances      Box(P          R      mAP50  mAP50-95)     Mask(P          R      mAP50  mAP50-95): 100% ━━━━━━━━━━━━ 2/2 8.1it/s 0.2s
                   all         17         17      0.544      0.471      0.524      0.181          0          0          0          0

      Epoch    GPU_mem   box_loss   seg_loss   cls_loss   dfl_loss   sem_loss  Instances       Size
       9/30      2.86G      1.466      4.214      1.478      1.598          0          2        640: 100% ━━━━━━━━━━━━ 20/20 5.0it/s 4.0s
                 Class     Images  Instances      Box(P          R      mAP50  mAP50-95)     Mask(P          R      mAP50  mAP50-95): 50% ━━━━━━────── 1/2 1.4it/s 0                 Class     Images  Instances      Box(P          R      mAP50  mAP50-95)     Mask(P          R      mAP50  mAP50-95): 100% ━━━━━━━━━━━━ 2/2 8.1it/s 0.2s
                   all         17         17       0.34      0.647      0.332      0.136          0          0          0          0

      Epoch    GPU_mem   box_loss   seg_loss   cls_loss   dfl_loss   sem_loss  Instances       Size
      10/30      2.86G      1.365      4.131      1.246      1.494          0          4        640: 100% ━━━━━━━━━━━━ 20/20 5.0it/s 4.0s
                 Class     Images  Instances      Box(P          R      mAP50  mAP50-95)     Mask(P          R      mAP50  mAP50-95): 50% ━━━━━━────── 1/2 1.4it/s 0                 Class     Images  Instances      Box(P          R      mAP50  mAP50-95)     Mask(P          R      mAP50  mAP50-95): 100% ━━━━━━━━━━━━ 2/2 8.1it/s 0.2s
                   all         17         17      0.613      0.647      0.664      0.299          0          0          0          0

      Epoch    GPU_mem   box_loss   seg_loss   cls_loss   dfl_loss   sem_loss  Instances       Size
      11/30      2.86G      1.355      4.166      1.311      1.551          0          2        640: 100% ━━━━━━━━━━━━ 20/20 5.0it/s 4.0s
                 Class     Images  Instances      Box(P          R      mAP50  mAP50-95)     Mask(P          R      mAP50  mAP50-95): 50% ━━━━━━────── 1/2 1.4it/s 0                 Class     Images  Instances      Box(P          R      mAP50  mAP50-95)     Mask(P          R      mAP50  mAP50-95): 100% ━━━━━━━━━━━━ 2/2 8.1it/s 0.2s
                   all         17         17      0.881      0.647      0.717      0.366          0          0          0          0

      Epoch    GPU_mem   box_loss   seg_loss   cls_loss   dfl_loss   sem_loss  Instances       Size
      12/30      2.86G      1.297      4.231       1.27      1.496          0          2        640: 100% ━━━━━━━━━━━━ 20/20 5.0it/s 4.0s
                 Class     Images  Instances      Box(P          R      mAP50  mAP50-95)     Mask(P          R      mAP50  mAP50-95): 50% ━━━━━━────── 1/2 1.3it/s 0                 Class     Images  Instances      Box(P          R      mAP50  mAP50-95)     Mask(P          R      mAP50  mAP50-95): 100% ━━━━━━━━━━━━ 2/2 7.9it/s 0.3s
                   all         17         17      0.596      0.765      0.666       0.32          0          0          0          0

      Epoch    GPU_mem   box_loss   seg_loss   cls_loss   dfl_loss   sem_loss  Instances       Size
      13/30      2.86G       1.33       4.06      1.239      1.498          0          1        640: 100% ━━━━━━━━━━━━ 20/20 4.9it/s 4.1s
                 Class     Images  Instances      Box(P          R      mAP50  mAP50-95)     Mask(P          R      mAP50  mAP50-95): 50% ━━━━━━────── 1/2 1.3it/s 0                 Class     Images  Instances      Box(P          R      mAP50  mAP50-95)     Mask(P          R      mAP50  mAP50-95): 100% ━━━━━━━━━━━━ 2/2 7.8it/s 0.3s
                   all         17         17      0.608       0.64      0.673      0.351          0          0          0          0

      Epoch    GPU_mem   box_loss   seg_loss   cls_loss   dfl_loss   sem_loss  Instances       Size
      14/30      2.86G      1.314      4.045      1.274      1.474          0          1        640: 100% ━━━━━━━━━━━━ 20/20 4.9it/s 4.1s
                 Class     Images  Instances      Box(P          R      mAP50  mAP50-95)     Mask(P          R      mAP50  mAP50-95): 50% ━━━━━━────── 1/2 1.3it/s 0                 Class     Images  Instances      Box(P          R      mAP50  mAP50-95)     Mask(P          R      mAP50  mAP50-95): 100% ━━━━━━━━━━━━ 2/2 7.7it/s 0.3s
                   all         17         17      0.664      0.588      0.604      0.309          0          0          0          0

      Epoch    GPU_mem   box_loss   seg_loss   cls_loss   dfl_loss   sem_loss  Instances       Size
      15/30      2.86G      1.309      4.137      1.227      1.469          0          4        640: 100% ━━━━━━━━━━━━ 20/20 5.0it/s 4.0s
                 Class     Images  Instances      Box(P          R      mAP50  mAP50-95)     Mask(P          R      mAP50  mAP50-95): 50% ━━━━━━────── 1/2 1.4it/s 0                 Class     Images  Instances      Box(P          R      mAP50  mAP50-95)     Mask(P          R      mAP50  mAP50-95): 100% ━━━━━━━━━━━━ 2/2 8.1it/s 0.2s
                   all         17         17      0.495      0.941      0.676      0.318          0          0          0          0

      Epoch    GPU_mem   box_loss   seg_loss   cls_loss   dfl_loss   sem_loss  Instances       Size
      16/30      2.86G      1.286      4.071      1.175      1.477          0          2        640: 100% ━━━━━━━━━━━━ 20/20 5.0it/s 4.0s
                 Class     Images  Instances      Box(P          R      mAP50  mAP50-95)     Mask(P          R      mAP50  mAP50-95): 50% ━━━━━━────── 1/2 1.4it/s 0                 Class     Images  Instances      Box(P          R      mAP50  mAP50-95)     Mask(P          R      mAP50  mAP50-95): 100% ━━━━━━━━━━━━ 2/2 8.2it/s 0.2s
                   all         17         17      0.745      0.588      0.732      0.417          0          0          0          0

      Epoch    GPU_mem   box_loss   seg_loss   cls_loss   dfl_loss   sem_loss  Instances       Size
      17/30      2.86G      1.253      4.058      1.173      1.421          0          4        640: 100% ━━━━━━━━━━━━ 20/20 5.0it/s 4.0s
                 Class     Images  Instances      Box(P          R      mAP50  mAP50-95)     Mask(P          R      mAP50  mAP50-95): 50% ━━━━━━────── 1/2 1.4it/s 0                 Class     Images  Instances      Box(P          R      mAP50  mAP50-95)     Mask(P          R      mAP50  mAP50-95): 100% ━━━━━━━━━━━━ 2/2 8.1it/s 0.2s
                   all         17         17      0.717      0.597      0.729      0.413          0          0          0          0

      Epoch    GPU_mem   box_loss   seg_loss   cls_loss   dfl_loss   sem_loss  Instances       Size
      18/30      2.86G      1.137      4.007       1.06      1.375          0          4        640: 100% ━━━━━━━━━━━━ 20/20 5.0it/s 4.0s
                 Class     Images  Instances      Box(P          R      mAP50  mAP50-95)     Mask(P          R      mAP50  mAP50-95): 50% ━━━━━━────── 1/2 1.4it/s 0                 Class     Images  Instances      Box(P          R      mAP50  mAP50-95)     Mask(P          R      mAP50  mAP50-95): 100% ━━━━━━━━━━━━ 2/2 8.1it/s 0.2s
                   all         17         17      0.719      0.588      0.697      0.386          0          0          0          0

      Epoch    GPU_mem   box_loss   seg_loss   cls_loss   dfl_loss   sem_loss  Instances       Size
      19/30      2.86G      1.162      3.937      1.083      1.416          0          2        640: 100% ━━━━━━━━━━━━ 20/20 5.0it/s 4.0s
                 Class     Images  Instances      Box(P          R      mAP50  mAP50-95)     Mask(P          R      mAP50  mAP50-95): 50% ━━━━━━────── 1/2 1.4it/s 0                 Class     Images  Instances      Box(P          R      mAP50  mAP50-95)     Mask(P          R      mAP50  mAP50-95): 100% ━━━━━━━━━━━━ 2/2 8.0it/s 0.2s
                   all         17         17      0.847      0.588      0.742      0.428          0          0          0          0

      Epoch    GPU_mem   box_loss   seg_loss   cls_loss   dfl_loss   sem_loss  Instances       Size
      20/30      2.86G      1.182       4.04      1.086      1.407          0          3        640: 100% ━━━━━━━━━━━━ 20/20 5.0it/s 4.0s
                 Class     Images  Instances      Box(P          R      mAP50  mAP50-95)     Mask(P          R      mAP50  mAP50-95): 50% ━━━━━━────── 1/2 1.4it/s 0                 Class     Images  Instances      Box(P          R      mAP50  mAP50-95)     Mask(P          R      mAP50  mAP50-95): 100% ━━━━━━━━━━━━ 2/2 8.1it/s 0.2s
                   all         17         17      0.846      0.765      0.893      0.448          0          0          0          0
Closing dataloader mosaic

      Epoch    GPU_mem   box_loss   seg_loss   cls_loss   dfl_loss   sem_loss  Instances       Size
      21/30      2.86G      1.113       3.93      1.278      1.536          0          1        640: 100% ━━━━━━━━━━━━ 20/20 5.1it/s 3.9s
                 Class     Images  Instances      Box(P          R      mAP50  mAP50-95)     Mask(P          R      mAP50  mAP50-95): 50% ━━━━━━────── 1/2 1.4it/s 0                 Class     Images  Instances      Box(P          R      mAP50  mAP50-95)     Mask(P          R      mAP50  mAP50-95): 100% ━━━━━━━━━━━━ 2/2 8.2it/s 0.2s
                   all         17         17      0.928      0.759      0.913      0.508          0          0          0          0

      Epoch    GPU_mem   box_loss   seg_loss   cls_loss   dfl_loss   sem_loss  Instances       Size
      22/30      2.86G      1.028       3.89      1.047      1.463          0          1        640: 100% ━━━━━━━━━━━━ 20/20 5.3it/s 3.8s
                 Class     Images  Instances      Box(P          R      mAP50  mAP50-95)     Mask(P          R      mAP50  mAP50-95): 50% ━━━━━━────── 1/2 1.3it/s 0                 Class     Images  Instances      Box(P          R      mAP50  mAP50-95)     Mask(P          R      mAP50  mAP50-95): 100% ━━━━━━━━━━━━ 2/2 7.7it/s 0.3s
                   all         17         17      0.648      0.941      0.851      0.522          0          0          0          0

      Epoch    GPU_mem   box_loss   seg_loss   cls_loss   dfl_loss   sem_loss  Instances       Size
      23/30      2.86G     0.9901      3.781     0.9527      1.433          0          1        640: 100% ━━━━━━━━━━━━ 20/20 5.2it/s 3.8s
                 Class     Images  Instances      Box(P          R      mAP50  mAP50-95)     Mask(P          R      mAP50  mAP50-95): 50% ━━━━━━────── 1/2 1.4it/s 0                 Class     Images  Instances      Box(P          R      mAP50  mAP50-95)     Mask(P          R      mAP50  mAP50-95): 100% ━━━━━━━━━━━━ 2/2 8.1it/s 0.2s
                   all         17         17      0.686      0.899      0.837      0.516          0          0          0          0

      Epoch    GPU_mem   box_loss   seg_loss   cls_loss   dfl_loss   sem_loss  Instances       Size
      24/30      2.86G     0.9897       3.68     0.9127      1.495          0          1        640: 100% ━━━━━━━━━━━━ 20/20 5.3it/s 3.8s
                 Class     Images  Instances      Box(P          R      mAP50  mAP50-95)     Mask(P          R      mAP50  mAP50-95): 50% ━━━━━━────── 1/2 1.4it/s 0                 Class     Images  Instances      Box(P          R      mAP50  mAP50-95)     Mask(P          R      mAP50  mAP50-95): 100% ━━━━━━━━━━━━ 2/2 8.1it/s 0.2s
                   all         17         17      0.757      0.919      0.883      0.481          0          0          0          0

      Epoch    GPU_mem   box_loss   seg_loss   cls_loss   dfl_loss   sem_loss  Instances       Size
      25/30      2.86G     0.9892        3.8     0.8287      1.392          0          1        640: 100% ━━━━━━━━━━━━ 20/20 5.2it/s 3.8s
                 Class     Images  Instances      Box(P          R      mAP50  mAP50-95)     Mask(P          R      mAP50  mAP50-95): 50% ━━━━━━────── 1/2 1.4it/s 0                 Class     Images  Instances      Box(P          R      mAP50  mAP50-95)     Mask(P          R      mAP50  mAP50-95): 100% ━━━━━━━━━━━━ 2/2 8.1it/s 0.2s
                   all         17         17      0.922      0.765      0.857      0.537          0          0          0          0

      Epoch    GPU_mem   box_loss   seg_loss   cls_loss   dfl_loss   sem_loss  Instances       Size
      26/30      2.86G     0.8919      3.654      0.753       1.31          0          1        640: 100% ━━━━━━━━━━━━ 20/20 5.3it/s 3.8s
                 Class     Images  Instances      Box(P          R      mAP50  mAP50-95)     Mask(P          R      mAP50  mAP50-95): 50% ━━━━━━────── 1/2 1.4it/s 0                 Class     Images  Instances      Box(P          R      mAP50  mAP50-95)     Mask(P          R      mAP50  mAP50-95): 100% ━━━━━━━━━━━━ 2/2 8.1it/s 0.2s
                   all         17         17       0.87      0.706      0.853      0.571          0          0          0          0

      Epoch    GPU_mem   box_loss   seg_loss   cls_loss   dfl_loss   sem_loss  Instances       Size
      27/30      2.86G     0.8898      3.679     0.7083      1.366          0          1        640: 100% ━━━━━━━━━━━━ 20/20 5.2it/s 3.8s
                 Class     Images  Instances      Box(P          R      mAP50  mAP50-95)     Mask(P          R      mAP50  mAP50-95): 50% ━━━━━━────── 1/2 1.4it/s 0                 Class     Images  Instances      Box(P          R      mAP50  mAP50-95)     Mask(P          R      mAP50  mAP50-95): 100% ━━━━━━━━━━━━ 2/2 8.2it/s 0.2s
                   all         17         17      0.749      0.879      0.845      0.562          0          0          0          0

      Epoch    GPU_mem   box_loss   seg_loss   cls_loss   dfl_loss   sem_loss  Instances       Size
      28/30      2.86G     0.8139      3.644     0.7502      1.284          0          1        640: 100% ━━━━━━━━━━━━ 20/20 5.2it/s 3.8s
                 Class     Images  Instances      Box(P          R      mAP50  mAP50-95)     Mask(P          R      mAP50  mAP50-95): 50% ━━━━━━────── 1/2 1.4it/s 0                 Class     Images  Instances      Box(P          R      mAP50  mAP50-95)     Mask(P          R      mAP50  mAP50-95): 100% ━━━━━━━━━━━━ 2/2 8.1it/s 0.2s
                   all         17         17      0.932      0.807      0.864      0.608          0          0          0          0

      Epoch    GPU_mem   box_loss   seg_loss   cls_loss   dfl_loss   sem_loss  Instances       Size
      29/30      2.86G      0.849      3.588     0.7078       1.33          0          1        640: 100% ━━━━━━━━━━━━ 20/20 5.3it/s 3.8s
                 Class     Images  Instances      Box(P          R      mAP50  mAP50-95)     Mask(P          R      mAP50  mAP50-95): 50% ━━━━━━────── 1/2 1.3it/s 0                 Class     Images  Instances      Box(P          R      mAP50  mAP50-95)     Mask(P          R      mAP50  mAP50-95): 100% ━━━━━━━━━━━━ 2/2 7.8it/s 0.3s
                   all         17         17      0.859      0.824      0.898      0.647          0          0          0          0

      Epoch    GPU_mem   box_loss   seg_loss   cls_loss   dfl_loss   sem_loss  Instances       Size
      30/30      2.86G     0.8042      3.701     0.6864      1.283          0          1        640: 100% ━━━━━━━━━━━━ 20/20 5.3it/s 3.8s
                 Class     Images  Instances      Box(P          R      mAP50  mAP50-95)     Mask(P          R      mAP50  mAP50-95): 50% ━━━━━━────── 1/2 1.4it/s 0                 Class     Images  Instances      Box(P          R      mAP50  mAP50-95)     Mask(P          R      mAP50  mAP50-95): 100% ━━━━━━━━━━━━ 2/2 8.2it/s 0.2s
                   all         17         17      0.933       0.82      0.915      0.645          0          0          0          0

30 epochs completed in 0.039 hours.
Optimizer stripped from E:\messy_files\UD_lab_test\runs\segment\runs\segment\yolo_model1\weights\last.pt, 23.8MB
Optimizer stripped from E:\messy_files\UD_lab_test\runs\segment\runs\segment\yolo_model1\weights\best.pt, 23.8MB

Validating E:\messy_files\UD_lab_test\runs\segment\runs\segment\yolo_model1\weights\best.pt...
Ultralytics 8.4.14  Python-3.9.25 torch-2.5.1+cu121 CUDA:0 (NVIDIA GeForce RTX 4070 Laptop GPU, 8188MiB)
YOLOv8s-seg summary (fused): 86 layers, 11,779,987 parameters, 0 gradients, 39.9 GFLOPs
                 Class     Images  Instances      Box(P          R      mAP50  mAP50-95)     Mask(P          R      mAP50  mAP50-95): 50% ━━━━━━────── 1/2 1.3it/s 0                 Class     Images  Instances      Box(P          R      mAP50  mAP50-95)     Mask(P          R      mAP50  mAP50-95): 100% ━━━━━━━━━━━━ 2/2 7.2it/s 0.3s
                   all         17         17      0.859      0.824      0.898      0.647          0          0          0          0
Speed: 0.3ms preprocess, 4.9ms inference, 0.0ms loss, 1.0ms postprocess per image
Results saved to E:\messy_files\UD_lab_test\runs\segment\runs\segment\yolo_model1
开始验证模型。
Ultralytics 8.4.14  Python-3.9.25 torch-2.5.1+cu121 CUDA:0 (NVIDIA GeForce RTX 4070 Laptop GPU, 8188MiB)
YOLOv8s-seg summary (fused): 86 layers, 11,779,987 parameters, 0 gradients, 39.9 GFLOPs
val: Fast image access  (ping: 0.10.0 ms, read: 2519.6337.1 MB/s, size: 260.9 KB)
val: Scanning E:\messy_files\UD_lab_test\lasttry2\data\PennFudanPed_YOLO\labels\val.cache... 17 images, 0 backgrounds, 0 corrupt: 100% ━━━━━━━━━━━━ 17/17  0.0s     
                 Class     Images  Instances      Box(P          R      mAP50  mAP50-95)     Mask(P          R      mAP50  mAP50-95): 50% ━━━━━━────── 1/2 2.1s/it 0                 Class     Images  Instances      Box(P          R      mAP50  mAP50-95)     Mask(P          R      mAP50  mAP50-95): 100% ━━━━━━━━━━━━ 2/2 2.7it/s 0.7s
                   all         17         17      0.859      0.824      0.898      0.647          0          0          0          0
Speed: 7.2ms preprocess, 30.2ms inference, 0.0ms loss, 1.1ms postprocess per image
Results saved to E:\messy_files\UD_lab_test\runs\segment\val3
验证集指标：
边界框mAP50: 0.8980
分割mAP50: 0.0000
(base) PS E:\messy_files\UD_lab_test> 

(base) PS E:\messy_files\UD_lab_test> & D:\conda_env\hahaha\python.exe e:/messy_files/UD_lab_test/lasttry2/scripts/predict.py
加载模型完成：E:\messy_files\UD_lab_test\runs\segment\runs\segment\yolo_model1\weights\best.pt
选择测试图片：E:\messy_files\UD_lab_test\lasttry2\data\PennFudanPed_YOLO\images\val\PennPed00033.png

image 1/1 E:\messy_files\UD_lab_test\lasttry2\data\PennFudanPed_YOLO\images\val\PennPed00033.png: 480x640 1 person, 38.0ms
Speed: 1.6ms preprocess, 38.0ms inference, 15.4ms postprocess per image at shape (1, 3, 480, 640)

图片保存完成
(base) PS E:\messy_files\UD_lab_test> 

  62/100      2.86G     0.9842      3.832     0.7805       1.27          0         26        640: 90% ━━━━━━━━━━╸─ 18/20 4.6it/s 4.1s     62/100      2.86G     0.9889      3.807     0.7944      1.266          0          4        640: 100% ━━━━━━━━━━━━ 20/20 4.8it/s 4.1s
                 Class     Images  Instances      Box(P          R      mAP50  mAP50-95)     Mask(P          R      mAP50  mAP50-95): 50                 Class     Images  Instances      Box(P          R      mAP50  mAP50-95)     Mask(P          R      mAP50  mAP50-95): 100% ━━━━━━━━━━━━ 2/2 7.5it/s 0.3s
                   all         17         17      0.595      0.864      0.792      0.599          0          0          0          0    

      Epoch    GPU_mem   box_loss   seg_loss   cls_loss   dfl_loss   sem_loss  Instances       Size
     63/100      2.86G      1.139      3.727     0.7554      1.354          0         21        640: 5% ╸─────────── 1/20 1.5it/s 0.4s<1     63/100      2.86G      1.053      3.818     0.7323      1.298          0         22        640: 10% ━─────────── 2/20 2.5it/s 0.6s<     63/100      2.86G      1.107      3.804      0.736      1.352          0         20        640: 15% ━╸────────── 3/20 3.3it/s 0.8s<     63/100      2.86G       1.05      3.793     0.7353      1.308          0         21        640: 20% ━━────────── 4/20 3.8it/s 1.0s<     63/100      2.86G      1.036      3.844     0.7425      1.312          0         21        640: 25% ━━━───────── 5/20 4.1it/s 1.2s<     63/100      2.86G       1.03      3.879     0.7265      1.297          0         23        640: 30% ━━━╸──────── 6/20 4.3it/s 1.4s<     63/100      2.86G      1.007       3.87     0.7154      1.282          0         20        640: 35% ━━━━──────── 7/20 4.5it/s 1.6s<     63/100      2.86G      1.062      3.873     0.7526      1.338          0         19        640: 40% ━━━━╸─────── 8/20 4.6it/s 1.8s<     63/100      2.86G      1.064      3.859     0.7631      1.334          0         12        640: 45% ━━━━━─────── 9/20 4.7it/s 2.0s<     63/100      2.86G      1.056      3.842     0.7648      1.325          0         22        640: 50% ━━━━━━────── 10/20 4.6it/s 2.3s     63/100      2.86G      1.044      3.863     0.7612       1.32          0         23        640: 55% ━━━━━━╸───── 11/20 4.6it/s 2.5s     63/100      2.86G      1.031      3.871     0.7493      1.311          0         19        640: 60% ━━━━━━━───── 12/20 4.6it/s 2.7s     63/100      2.86G      1.019      3.874      0.747      1.297          0         28        640: 65% ━━━━━━━╸──── 13/20 4.5it/s 2.9s     63/100      2.86G      1.016      3.875     0.7426      1.298          0         18        640: 70% ━━━━━━━━──── 14/20 4.6it/s 3.1s     63/100      2.86G      1.009      3.848     0.7396      1.296          0         23        640: 75% ━━━━━━━━━─── 15/20 4.6it/s 3.4s     63/100      2.86G      1.007      3.858     0.7409       1.29          0         22        640: 80% ━━━━━━━━━╸── 16/20 4.7it/s 3.6s     63/100      2.86G      1.004       3.86     0.7405      1.291          0         15        640: 85% ━━━━━━━━━━── 17/20 4.7it/s 3.8s     63/100      2.86G      1.005       3.85     0.7445      1.291          0         21        640: 90% ━━━━━━━━━━╸─ 18/20 4.6it/s 4.0s     63/100      2.86G     0.9885      3.914     0.7619      1.289          0          2        640: 100% ━━━━━━━━━━━━ 20/20 4.9it/s 4.1s
                 Class     Images  Instances      Box(P          R      mAP50  mAP50-95)     Mask(P          R      mAP50  mAP50-95): 50                 Class     Images  Instances      Box(P          R      mAP50  mAP50-95)     Mask(P          R      mAP50  mAP50-95): 100% ━━━━━━━━━━━━ 2/2 7.7it/s 0.3s
                   all         17         17      0.634      0.765      0.717       0.49          0          0          0          0    

      Epoch    GPU_mem   box_loss   seg_loss   cls_loss   dfl_loss   sem_loss  Instances       Size
     64/100      2.86G      1.051      3.938      0.726      1.297          0         25        640: 5% ╸─────────── 1/20 1.5it/s 0.4s<1     64/100      2.86G      1.024      3.907      0.732      1.267          0         21        640: 10% ━─────────── 2/20 2.5it/s 0.6s<     64/100      2.86G      1.018      3.859     0.7414      1.261          0         20        640: 15% ━╸────────── 3/20 3.2it/s 0.8s<     64/100      2.86G      1.056      3.824      0.769      1.305          0         16        640: 20% ━━────────── 4/20 3.7it/s 1.0s<     64/100      2.86G      1.015      3.795     0.7358       1.26          0         24        640: 25% ━━━───────── 5/20 4.0it/s 1.2s<     64/100      2.86G      1.008      3.801     0.7439      1.248          0         15        640: 30% ━━━╸──────── 6/20 4.1it/s 1.4s<     64/100      2.86G      1.005      3.843     0.7372      1.246          0         19        640: 35% ━━━━──────── 7/20 4.3it/s 1.7s<     64/100      2.86G      1.003      3.799     0.7503      1.249          0         22        640: 40% ━━━━╸─────── 8/20 4.5it/s 1.9s<     64/100      2.86G     0.9973      3.809     0.7474      1.242          0         22        640: 45% ━━━━━─────── 9/20 4.6it/s 2.1s<     64/100      2.86G     0.9959      3.841     0.7526      1.246          0         22        640: 50% ━━━━━━────── 10/20 4.6it/s 2.3s     64/100      2.86G     0.9871      3.847      0.736      1.238          0         22        640: 55% ━━━━━━╸───── 11/20 4.6it/s 2.5s     64/100      2.86G     0.9852      3.824     0.7373      1.236          0         22        640: 60% ━━━━━━━───── 12/20 4.7it/s 2.7s     64/100      2.86G     0.9855      3.804     0.7317      1.239          0         22        640: 65% ━━━━━━━╸──── 13/20 4.7it/s 2.9s     64/100      2.86G     0.9735      3.812     0.7241      1.237          0         20        640: 70% ━━━━━━━━──── 14/20 4.6it/s 3.1s     64/100      2.86G     0.9756        3.8       0.73       1.24          0         22        640: 75% ━━━━━━━━━─── 15/20 4.6it/s 3.4s     64/100      2.86G     0.9738      3.801     0.7317      1.236          0         20        640: 80% ━━━━━━━━━╸── 16/20 4.6it/s 3.6s     64/100      2.86G     0.9627      3.805     0.7231      1.228          0         23        640: 85% ━━━━━━━━━━── 17/20 4.7it/s 3.8s     64/100      2.86G     0.9535      3.796     0.7217      1.222          0         18        640: 90% ━━━━━━━━━━╸─ 18/20 4.7it/s 4.0s     64/100      2.86G     0.9058      3.606     0.9355      1.161          0          0        640: 100% ━━━━━━━━━━━━ 20/20 4.9it/s 4.0s
                 Class     Images  Instances      Box(P          R      mAP50  mAP50-95)     Mask(P          R      mAP50  mAP50-95): 50                 Class     Images  Instances      Box(P          R      mAP50  mAP50-95)     Mask(P          R      mAP50  mAP50-95): 100% ━━━━━━━━━━━━ 2/2 8.0it/s 0.3s
                   all         17         17       0.67      0.765      0.782       0.54          0          0          0          0

      Epoch    GPU_mem   box_loss   seg_loss   cls_loss   dfl_loss   sem_loss  Instances       Size
     65/100      2.86G     0.9268      3.741     0.6157      1.093          0         18        640: 5% ╸─────────── 1/20 1.5it/s 0.4s<1     65/100      2.86G     0.9779      3.812     0.7319      1.134          0         22        640: 10% ━─────────── 2/20 2.4it/s 0.6s<     65/100      2.86G     0.9765      3.778     0.7526      1.158          0         19        640: 15% ━╸────────── 3/20 3.2it/s 0.8s<     65/100      2.86G     0.9639      3.765      0.738      1.145          0         22        640: 20% ━━────────── 4/20 3.8it/s 1.0s<     65/100      2.86G     0.9485      3.786     0.7487      1.151          0         21        640: 25% ━━━───────── 5/20 4.2it/s 1.2s<     65/100      2.86G     0.9375      3.809     0.7573      1.143          0         22        640: 30% ━━━╸──────── 6/20 4.4it/s 1.4s<     65/100      2.86G     0.9772      3.855     0.7841      1.162          0         25        640: 35% ━━━━──────── 7/20 4.4it/s 1.6s<     65/100      2.86G     0.9832      3.843     0.7631      1.173          0         18        640: 40% ━━━━╸─────── 8/20 4.6it/s 1.8s<     65/100      2.86G     0.9561      3.804     0.7492      1.165          0         17        640: 45% ━━━━━─────── 9/20 4.6it/s 2.0s<     65/100      2.86G     0.9412      3.823     0.7414      1.164          0         18        640: 50% ━━━━━━────── 10/20 4.5it/s 2.3s     65/100      2.86G     0.9373      3.842     0.7351      1.166          0         25        640: 55% ━━━━━━╸───── 11/20 4.6it/s 2.5s     65/100      2.86G     0.9461      3.863     0.7674      1.185          0         13        640: 60% ━━━━━━━───── 12/20 4.6it/s 2.7s     65/100      2.86G     0.9401      3.843     0.7584      1.186          0         25        640: 65% ━━━━━━━╸──── 13/20 4.7it/s 2.9s     65/100      2.86G     0.9354      3.833     0.7572      1.184          0         22        640: 70% ━━━━━━━━──── 14/20 4.6it/s 3.1s     65/100      2.86G     0.9401      3.827     0.7646      1.188          0         22        640: 75% ━━━━━━━━━─── 15/20 4.7it/s 3.3s     65/100      2.86G     0.9388      3.816     0.7686      1.189          0         20        640: 80% ━━━━━━━━━╸── 16/20 4.7it/s 3.6s     65/100      2.86G     0.9456      3.826      0.762       1.19          0         27        640: 85% ━━━━━━━━━━── 17/20 4.7it/s 3.8s     65/100      2.86G      0.952      3.824     0.7646      1.193          0         20        640: 90% ━━━━━━━━━━╸─ 18/20 4.6it/s 4.0s     65/100      2.86G     0.9621      3.803     0.7813      1.184          0          3        640: 100% ━━━━━━━━━━━━ 20/20 4.9it/s 4.1s
                 Class     Images  Instances      Box(P          R      mAP50  mAP50-95)     Mask(P          R      mAP50  mAP50-95): 50                 Class     Images  Instances      Box(P          R      mAP50  mAP50-95)     Mask(P          R      mAP50  mAP50-95): 100% ━━━━━━━━━━━━ 2/2 7.5it/s 0.3s
                   all         17         17        0.7      0.765      0.828      0.578          0          0          0          0    

      Epoch    GPU_mem   box_loss   seg_loss   cls_loss   dfl_loss   sem_loss  Instances       Size
     66/100      2.86G     0.7805       3.81     0.6592      1.109          0         22        640: 5% ╸─────────── 1/20 1.5it/s 0.4s<1     66/100      2.86G     0.8359      3.725     0.6975      1.125          0         23        640: 10% ━─────────── 2/20 2.6it/s 0.6s<     66/100      2.86G     0.8511      3.694     0.7178       1.17          0         16        640: 15% ━╸────────── 3/20 3.3it/s 0.8s<     66/100      2.86G     0.8656      3.699     0.7111      1.163          0         20        640: 20% ━━────────── 4/20 3.7it/s 1.0s<     66/100      2.86G     0.8973      3.717     0.7083      1.202          0         20        640: 25% ━━━───────── 5/20 4.1it/s 1.2s<     66/100      2.86G     0.9135      3.716     0.7168      1.195          0         23        640: 30% ━━━╸──────── 6/20 4.3it/s 1.4s<     66/100      2.86G      0.905      3.698     0.7009      1.192          0         21        640: 35% ━━━━──────── 7/20 4.4it/s 1.6s<     66/100      2.86G     0.9024      3.691     0.7165      1.194          0         22        640: 40% ━━━━╸─────── 8/20 4.5it/s 1.8s<     66/100      2.86G     0.9027      3.716     0.7075      1.189          0         24        640: 45% ━━━━━─────── 9/20 4.6it/s 2.0s<     66/100      2.86G     0.9229      3.706     0.7232      1.195          0         22        640: 50% ━━━━━━────── 10/20 4.6it/s 2.3s     66/100      2.86G     0.9077      3.711     0.7187      1.188          0         20        640: 55% ━━━━━━╸───── 11/20 4.6it/s 2.5s     66/100      2.86G     0.9031      3.702     0.7166      1.179          0         21        640: 60% ━━━━━━━───── 12/20 4.6it/s 2.7s     66/100      2.86G     0.9025      3.719       0.71      1.185          0         21        640: 65% ━━━━━━━╸──── 13/20 4.7it/s 2.9s     66/100      2.86G     0.9096      3.737     0.7129      1.196          0         21        640: 70% ━━━━━━━━──── 14/20 4.5it/s 3.1s     66/100      2.86G     0.9134      3.748     0.7141      1.199          0         18        640: 75% ━━━━━━━━━─── 15/20 4.7it/s 3.3s     66/100      2.86G     0.9211      3.757     0.7202      1.202          0         24        640: 80% ━━━━━━━━━╸── 16/20 4.7it/s 3.5s     66/100      2.86G     0.9166      3.772     0.7115      1.197          0         22        640: 85% ━━━━━━━━━━── 17/20 4.7it/s 3.8s     66/100      2.86G     0.9126       3.78     0.7122      1.201          0         17        640: 90% ━━━━━━━━━━╸─ 18/20 4.7it/s 4.0s     66/100      2.86G     0.9385      3.727      0.791      1.205          0          3        640: 100% ━━━━━━━━━━━━ 20/20 5.0it/s 4.0s
                 Class     Images  Instances      Box(P          R      mAP50  mAP50-95)     Mask(P          R      mAP50  mAP50-95): 50                 Class     Images  Instances      Box(P          R      mAP50  mAP50-95)     Mask(P          R      mAP50  mAP50-95): 100% ━━━━━━━━━━━━ 2/2 7.5it/s 0.3s
                   all         17         17      0.685      0.824      0.848      0.628          0          0          0          0    

      Epoch    GPU_mem   box_loss   seg_loss   cls_loss   dfl_loss   sem_loss  Instances       Size
     67/100      2.86G     0.9677      3.669     0.6723      1.268          0         23        640: 5% ╸─────────── 1/20 1.4it/s 0.4s<1     67/100      2.86G     0.9844      3.702     0.7265      1.255          0         21        640: 10% ━─────────── 2/20 2.3it/s 0.6s<     67/100      2.86G     0.9809      3.749     0.6909      1.248          0         21        640: 15% ━╸────────── 3/20 3.2it/s 0.8s<     67/100      2.86G     0.9631      3.699      0.721      1.224          0         21        640: 20% ━━────────── 4/20 3.8it/s 1.0s<     67/100      2.86G     0.9583      3.695      0.732      1.218          0         20        640: 25% ━━━───────── 5/20 4.2it/s 1.2s<     67/100      2.86G     0.9792      3.695      0.763      1.237          0         21        640: 30% ━━━╸──────── 6/20 4.4it/s 1.4s<     67/100      2.86G       0.96      3.697     0.7536      1.234          0         20        640: 35% ━━━━──────── 7/20 4.6it/s 1.6s<     67/100      2.86G     0.9656      3.694     0.7504      1.239          0         19        640: 40% ━━━━╸─────── 8/20 4.5it/s 1.8s<     67/100      2.86G     0.9607       3.71     0.7392      1.221          0         28        640: 45% ━━━━━─────── 9/20 4.6it/s 2.0s<     67/100      2.86G     0.9414      3.721     0.7234      1.216          0         19        640: 50% ━━━━━━────── 10/20 4.5it/s 2.3s     67/100      2.86G     0.9324      3.756      0.718       1.22          0         11        640: 55% ━━━━━━╸───── 11/20 4.6it/s 2.5s     67/100      2.86G     0.9345      3.728     0.7145      1.218          0         21        640: 60% ━━━━━━━───── 12/20 4.6it/s 2.7s     67/100      2.86G     0.9151      3.723     0.7048      1.206          0         22        640: 65% ━━━━━━━╸──── 13/20 4.7it/s 2.9s     67/100      2.86G     0.9221      3.755     0.7009      1.209          0         21        640: 70% ━━━━━━━━──── 14/20 4.7it/s 3.1s     67/100      2.86G     0.9404      3.745     0.7029      1.223          0         19        640: 75% ━━━━━━━━━─── 15/20 4.6it/s 3.3s     67/100      2.86G     0.9749      3.786     0.7326      1.249          0         22        640: 80% ━━━━━━━━━╸── 16/20 4.7it/s 3.6s     67/100      2.86G     0.9701      3.801     0.7346      1.248          0         18        640: 85% ━━━━━━━━━━── 17/20 4.7it/s 3.8s     67/100      2.86G     0.9651      3.798      0.728      1.257          0         13        640: 90% ━━━━━━━━━━╸─ 18/20 4.6it/s 4.0s     67/100      2.86G     0.9498      3.764     0.7192      1.245          0          2        640: 100% ━━━━━━━━━━━━ 20/20 4.9it/s 4.1s
                 Class     Images  Instances      Box(P          R      mAP50  mAP50-95)     Mask(P          R      mAP50  mAP50-95): 50                 Class     Images  Instances      Box(P          R      mAP50  mAP50-95)     Mask(P          R      mAP50  mAP50-95): 100% ━━━━━━━━━━━━ 2/2 7.7it/s 0.3s
                   all         17         17      0.885      0.905      0.915      0.685          0          0          0          0    

      Epoch    GPU_mem   box_loss   seg_loss   cls_loss   dfl_loss   sem_loss  Instances       Size
     68/100      2.86G     0.8213      3.841     0.8483       1.19          0         22        640: 5% ╸─────────── 1/20 1.5it/s 0.4s<1     68/100      2.86G     0.8864      3.815     0.8556      1.217          0         25        640: 10% ━─────────── 2/20 2.5it/s 0.6s<     68/100      2.86G     0.9271      3.799     0.8199      1.255          0         21        640: 15% ━╸────────── 3/20 3.2it/s 0.8s<     68/100      2.86G     0.8803      3.843     0.7496      1.228          0         19        640: 20% ━━────────── 4/20 3.7it/s 1.0s<     68/100      2.86G     0.8758      3.939     0.7268      1.223          0         21        640: 25% ━━━───────── 5/20 4.1it/s 1.2s<     68/100      2.86G     0.8545      3.983     0.7061      1.194          0         21        640: 30% ━━━╸──────── 6/20 4.2it/s 1.4s<     68/100      2.86G     0.8518      3.959     0.7144      1.203          0         18        640: 35% ━━━━──────── 7/20 4.4it/s 1.6s<     68/100      2.86G     0.8849      3.957     0.7254      1.232          0         16        640: 40% ━━━━╸─────── 8/20 4.5it/s 1.9s<     68/100      2.86G     0.8682      3.956     0.7127      1.224          0         22        640: 45% ━━━━━─────── 9/20 4.6it/s 2.1s<     68/100      2.86G     0.8664      3.976      0.714      1.217          0         20        640: 50% ━━━━━━────── 10/20 4.6it/s 2.3s     68/100      2.86G     0.8663      3.952     0.7205       1.22          0         21        640: 55% ━━━━━━╸───── 11/20 4.6it/s 2.5s     68/100      2.86G     0.8712      3.976     0.7342      1.222          0         22        640: 60% ━━━━━━━───── 12/20 4.6it/s 2.7s     68/100      2.86G     0.8816      3.967     0.7284      1.215          0         20        640: 65% ━━━━━━━╸──── 13/20 4.7it/s 2.9s     68/100      2.86G     0.8832      3.958     0.7178      1.212          0         22        640: 70% ━━━━━━━━──── 14/20 4.6it/s 3.2s     68/100      2.86G     0.8769      3.945     0.7198      1.211          0         19        640: 75% ━━━━━━━━━─── 15/20 4.7it/s 3.4s     68/100      2.86G     0.8726      3.929     0.7104      1.206          0         17        640: 80% ━━━━━━━━━╸── 16/20 4.7it/s 3.6s     68/100      2.86G     0.8865      3.921     0.7124      1.216          0         23        640: 85% ━━━━━━━━━━── 17/20 4.6it/s 3.8s     68/100      2.86G     0.8836      3.912     0.7103      1.211          0         25        640: 90% ━━━━━━━━━━╸─ 18/20 4.6it/s 4.0s     68/100      2.86G     0.8924      3.905     0.7115      1.219          0          2        640: 100% ━━━━━━━━━━━━ 20/20 4.9it/s 4.1s
                 Class     Images  Instances      Box(P          R      mAP50  mAP50-95)     Mask(P          R      mAP50  mAP50-95): 50                 Class     Images  Instances      Box(P          R      mAP50  mAP50-95)     Mask(P          R      mAP50  mAP50-95): 100% ━━━━━━━━━━━━ 2/2 7.8it/s 0.3s
                   all         17         17      0.887      0.923      0.903      0.652          0          0          0          0    

      Epoch    GPU_mem   box_loss   seg_loss   cls_loss   dfl_loss   sem_loss  Instances       Size
     69/100      2.86G      1.059       3.69     0.8372      1.287          0         19        640: 5% ╸─────────── 1/20 1.4it/s 0.4s<1     69/100      2.86G      1.041      3.582     0.8572      1.236          0         25        640: 10% ━─────────── 2/20 2.3it/s 0.6s<     69/100      2.86G      1.025      3.589     0.7876      1.277          0         16        640: 15% ━╸────────── 3/20 3.1it/s 0.8s<     69/100      2.86G     0.9546      3.696     0.7422       1.24          0         21        640: 20% ━━────────── 4/20 3.6it/s 1.0s<     69/100      2.86G     0.9616      3.747     0.7647      1.246          0         17        640: 25% ━━━───────── 5/20 4.0it/s 1.3s<     69/100      2.86G     0.9762      3.789      0.768      1.259          0         19        640: 30% ━━━╸──────── 6/20 4.3it/s 1.4s<     69/100      2.86G     0.9868      3.864     0.8015      1.263          0         17        640: 35% ━━━━──────── 7/20 4.5it/s 1.7s<     69/100      2.86G     0.9674       3.88     0.7848      1.255          0         18        640: 40% ━━━━╸─────── 8/20 4.5it/s 1.9s<     69/100      2.86G     0.9631      3.892     0.7766      1.252          0         24        640: 45% ━━━━━─────── 9/20 4.5it/s 2.1s<     69/100      2.86G      0.939      3.902     0.7634      1.243          0         24        640: 50% ━━━━━━────── 10/20 4.5it/s 2.3s     69/100      2.86G     0.9448      3.889      0.761      1.249          0         20        640: 55% ━━━━━━╸───── 11/20 4.6it/s 2.5s     69/100      2.86G     0.9715      3.899     0.7851      1.273          0         16        640: 60% ━━━━━━━───── 12/20 4.6it/s 2.7s     69/100      2.86G     0.9648      3.891     0.7736      1.273          0         19        640: 65% ━━━━━━━╸──── 13/20 4.6it/s 3.0s     69/100      2.86G     0.9689       3.89     0.7672      1.274          0         19        640: 70% ━━━━━━━━──── 14/20 4.6it/s 3.2s     69/100      2.86G     0.9615      3.892     0.7605      1.268          0         16        640: 75% ━━━━━━━━━─── 15/20 4.6it/s 3.4s     69/100      2.86G     0.9742      3.891     0.7702      1.273          0         23        640: 80% ━━━━━━━━━╸── 16/20 4.7it/s 3.6s     69/100      2.86G     0.9694      3.881     0.7678      1.268          0         23        640: 85% ━━━━━━━━━━── 17/20 4.7it/s 3.8s     69/100      2.86G     0.9761      3.887      0.771       1.27          0         16        640: 90% ━━━━━━━━━━╸─ 18/20 4.6it/s 4.0s     69/100      2.86G     0.9741      3.884     0.7705      1.275          0          1        640: 100% ━━━━━━━━━━━━ 20/20 4.9it/s 4.1s
                 Class     Images  Instances      Box(P          R      mAP50  mAP50-95)     Mask(P          R      mAP50  mAP50-95): 50                 Class     Images  Instances      Box(P          R      mAP50  mAP50-95)     Mask(P          R      mAP50  mAP50-95): 100% ━━━━━━━━━━━━ 2/2 7.9it/s 0.3s
                   all         17         17      0.636      0.941      0.857      0.569          0          0          0          0    

      Epoch    GPU_mem   box_loss   seg_loss   cls_loss   dfl_loss   sem_loss  Instances       Size
     70/100      2.86G     0.9432       3.74     0.7885      1.246          0         16        640: 5% ╸─────────── 1/20 1.4it/s 0.4s<1     70/100      2.86G      1.014      3.695      0.763      1.264          0         20        640: 10% ━─────────── 2/20 2.4it/s 0.6s<     70/100      2.86G     0.9574      3.808     0.7863      1.226          0         19        640: 15% ━╸────────── 3/20 3.2it/s 0.8s<     70/100      2.86G     0.9551      3.819     0.7764      1.224          0         22        640: 20% ━━────────── 4/20 3.6it/s 1.0s<     70/100      2.86G     0.9349      3.834     0.7503       1.22          0         18        640: 25% ━━━───────── 5/20 4.0it/s 1.3s<     70/100      2.86G      0.951      3.867     0.7591      1.229          0         21        640: 30% ━━━╸──────── 6/20 4.1it/s 1.5s<     70/100      2.86G     0.9466      3.864     0.7465      1.244          0         20        640: 35% ━━━━──────── 7/20 4.3it/s 1.7s<     70/100      2.86G     0.9269      3.892     0.7333      1.236          0         21        640: 40% ━━━━╸─────── 8/20 4.5it/s 1.9s<     70/100      2.86G     0.9174      3.882     0.7344      1.245          0         14        640: 45% ━━━━━─────── 9/20 4.5it/s 2.1s<     70/100      2.86G     0.9228      3.895     0.7345      1.252          0         20        640: 50% ━━━━━━────── 10/20 4.7it/s 2.3s     70/100      2.86G     0.9176      3.887     0.7303       1.24          0         24        640: 55% ━━━━━━╸───── 11/20 4.7it/s 2.5s     70/100      2.86G     0.9245       3.88     0.7383      1.249          0         20        640: 60% ━━━━━━━───── 12/20 4.7it/s 2.7s     70/100      2.86G     0.9291       3.87     0.7383      1.243          0         22        640: 65% ━━━━━━━╸──── 13/20 4.7it/s 2.9s     70/100      2.86G     0.9295      3.889     0.7464      1.248          0         24        640: 70% ━━━━━━━━──── 14/20 4.6it/s 3.2s     70/100      2.86G     0.9477      3.895     0.7425      1.255          0         16        640: 75% ━━━━━━━━━─── 15/20 4.6it/s 3.4s     70/100      2.86G     0.9467      3.892     0.7401      1.249          0         18        640: 80% ━━━━━━━━━╸── 16/20 4.6it/s 3.6s     70/100      2.86G     0.9463      3.899     0.7356      1.251          0         21        640: 85% ━━━━━━━━━━── 17/20 4.7it/s 3.8s     70/100      2.86G     0.9357      3.874     0.7314      1.241          0         25        640: 90% ━━━━━━━━━━╸─ 18/20 4.7it/s 4.0s     70/100      2.86G      1.074      3.931     0.7538      1.368          0          1        640: 100% ━━━━━━━━━━━━ 20/20 4.9it/s 4.1s
                 Class     Images  Instances      Box(P          R      mAP50  mAP50-95)     Mask(P          R      mAP50  mAP50-95): 50                 Class     Images  Instances      Box(P          R      mAP50  mAP50-95)     Mask(P          R      mAP50  mAP50-95): 100% ━━━━━━━━━━━━ 2/2 7.8it/s 0.3s
                   all         17         17      0.806      0.824      0.881       0.57          0          0          0          0    

      Epoch    GPU_mem   box_loss   seg_loss   cls_loss   dfl_loss   sem_loss  Instances       Size
     71/100      2.86G     0.9144      3.859     0.7101      1.206          0         21        640: 5% ╸─────────── 1/20 1.4it/s 0.4s<1     71/100      2.86G     0.9138      3.856     0.6681      1.213          0         21        640: 10% ━─────────── 2/20 2.3it/s 0.6s<     71/100      2.86G     0.8902      3.854     0.6509      1.201          0         20        640: 15% ━╸────────── 3/20 3.0it/s 0.9s<     71/100      2.86G     0.9048      3.869     0.6571      1.212          0         23        640: 20% ━━────────── 4/20 3.6it/s 1.1s<     71/100      2.86G      0.902      3.938     0.6809      1.213          0         18        640: 25% ━━━───────── 5/20 4.0it/s 1.3s<     71/100      2.86G     0.8908      3.956     0.6764      1.204          0         19        640: 30% ━━━╸──────── 6/20 4.2it/s 1.5s<     71/100      2.86G     0.9105       3.96     0.6866      1.212          0         22        640: 35% ━━━━──────── 7/20 4.4it/s 1.7s<     71/100      2.86G     0.9006      3.951     0.6846      1.209          0         23        640: 40% ━━━━╸─────── 8/20 4.6it/s 1.9s<     71/100      2.86G     0.8884      3.922     0.6769        1.2          0         23        640: 45% ━━━━━─────── 9/20 4.7it/s 2.1s<     71/100      2.86G     0.8952      3.945     0.6798      1.197          0         19        640: 50% ━━━━━━────── 10/20 4.6it/s 2.3s     71/100      2.86G     0.8916       3.92      0.679      1.204          0         18        640: 55% ━━━━━━╸───── 11/20 4.6it/s 2.5s     71/100      2.86G     0.9022      3.892     0.6899      1.218          0         16        640: 60% ━━━━━━━───── 12/20 4.6it/s 2.7s     71/100      2.86G     0.8973      3.898      0.699       1.21          0         21        640: 65% ━━━━━━━╸──── 13/20 4.7it/s 3.0s     71/100      2.86G     0.9019      3.899     0.7012      1.214          0         24        640: 70% ━━━━━━━━──── 14/20 4.7it/s 3.2s     71/100      2.86G     0.9067      3.888     0.6996      1.214          0         19        640: 75% ━━━━━━━━━─── 15/20 4.7it/s 3.4s     71/100      2.86G     0.9109      3.867     0.7006       1.21          0         22        640: 80% ━━━━━━━━━╸── 16/20 4.7it/s 3.6s     71/100      2.86G     0.9068      3.865     0.6922       1.21          0         21        640: 85% ━━━━━━━━━━── 17/20 4.7it/s 3.8s     71/100      2.86G     0.9184      3.851     0.6979       1.22          0         20        640: 90% ━━━━━━━━━━╸─ 18/20 4.6it/s 4.0s     71/100      2.86G     0.9429      3.872     0.7302      1.235          0          2        640: 100% ━━━━━━━━━━━━ 20/20 4.9it/s 4.1s
                 Class     Images  Instances      Box(P          R      mAP50  mAP50-95)     Mask(P          R      mAP50  mAP50-95): 50                 Class     Images  Instances      Box(P          R      mAP50  mAP50-95)     Mask(P          R      mAP50  mAP50-95): 100% ━━━━━━━━━━━━ 2/2 7.9it/s 0.3s
                   all         17         17       0.84      0.824      0.891      0.626          0          0          0          0    

      Epoch    GPU_mem   box_loss   seg_loss   cls_loss   dfl_loss   sem_loss  Instances       Size
     72/100      2.86G      1.013      3.752     0.7648      1.305          0         23        640: 5% ╸─────────── 1/20 1.5it/s 0.4s<1     72/100      2.86G     0.9477      3.828     0.7163      1.277          0         15        640: 10% ━─────────── 2/20 2.5it/s 0.6s<     72/100      2.86G     0.9119      3.917     0.6895      1.256          0         23        640: 15% ━╸────────── 3/20 3.2it/s 0.8s<     72/100      2.86G     0.8703      3.864     0.6918      1.224          0         20        640: 20% ━━────────── 4/20 3.7it/s 1.0s<     72/100      2.86G     0.9027      3.786     0.7217      1.217          0         21        640: 25% ━━━───────── 5/20 4.0it/s 1.3s<     72/100      2.86G     0.9048      3.811     0.7066      1.223          0         19        640: 30% ━━━╸──────── 6/20 4.1it/s 1.5s<     72/100      2.86G     0.9413      3.768     0.7024      1.243          0         21        640: 35% ━━━━──────── 7/20 4.3it/s 1.7s<     72/100      2.86G     0.9523      3.768     0.7164       1.25          0         17        640: 40% ━━━━╸─────── 8/20 4.4it/s 1.9s<     72/100      2.86G     0.9427      3.792     0.7025      1.236          0         19        640: 45% ━━━━━─────── 9/20 4.6it/s 2.1s<     72/100      2.86G     0.9303      3.793     0.6901       1.23          0         19        640: 50% ━━━━━━────── 10/20 4.6it/s 2.3s     72/100      2.86G     0.9287      3.777     0.6911      1.228          0         17        640: 55% ━━━━━━╸───── 11/20 4.7it/s 2.5s     72/100      2.86G     0.9345      3.792     0.6858       1.23          0         19        640: 60% ━━━━━━━───── 12/20 4.7it/s 2.7s     72/100      2.86G     0.9272      3.803      0.694      1.229          0         18        640: 65% ━━━━━━━╸──── 13/20 4.7it/s 3.0s     72/100      2.86G     0.9365      3.815     0.6979      1.229          0         20        640: 70% ━━━━━━━━──── 14/20 4.6it/s 3.2s     72/100      2.86G     0.9537      3.842     0.6979      1.238          0         25        640: 75% ━━━━━━━━━─── 15/20 4.7it/s 3.4s     72/100      2.86G     0.9644      3.828     0.7084      1.238          0         20        640: 80% ━━━━━━━━━╸── 16/20 4.7it/s 3.6s     72/100      2.86G      0.957      3.823     0.7081      1.237          0         25        640: 85% ━━━━━━━━━━── 17/20 4.7it/s 3.8s     72/100      2.86G     0.9473      3.831     0.7082       1.23          0         19        640: 90% ━━━━━━━━━━╸─ 18/20 4.7it/s 4.0s     72/100      2.86G     0.9414      3.875     0.7147      1.235          0          4        640: 100% ━━━━━━━━━━━━ 20/20 4.9it/s 4.1s
                 Class     Images  Instances      Box(P          R      mAP50  mAP50-95)     Mask(P          R      mAP50  mAP50-95): 50                 Class     Images  Instances      Box(P          R      mAP50  mAP50-95)     Mask(P          R      mAP50  mAP50-95): 100% ━━━━━━━━━━━━ 2/2 8.0it/s 0.3s
                   all         17         17       0.83      0.882      0.895      0.624          0          0          0          0    

      Epoch    GPU_mem   box_loss   seg_loss   cls_loss   dfl_loss   sem_loss  Instances       Size
     73/100      2.86G     0.8693      3.865     0.6357       1.25          0         20        640: 5% ╸─────────── 1/20 1.5it/s 0.4s<1     73/100      2.86G     0.9293      3.794     0.6381      1.256          0         20        640: 10% ━─────────── 2/20 2.4it/s 0.6s<     73/100      2.86G     0.8971       3.74     0.6311      1.236          0         14        640: 15% ━╸────────── 3/20 3.2it/s 0.8s<     73/100      2.86G     0.8716      3.759     0.6378      1.227          0         19        640: 20% ━━────────── 4/20 3.7it/s 1.0s<     73/100      2.86G     0.8824      3.786     0.6469      1.218          0         21        640: 25% ━━━───────── 5/20 4.0it/s 1.2s<     73/100      2.86G     0.8914      3.781     0.6621      1.212          0         27        640: 30% ━━━╸──────── 6/20 4.3it/s 1.4s<     73/100      2.86G     0.8812      3.766     0.6571      1.199          0         21        640: 35% ━━━━──────── 7/20 4.4it/s 1.7s<     73/100      2.86G      0.879      3.771     0.6703      1.197          0         19        640: 40% ━━━━╸─────── 8/20 4.6it/s 1.9s<     73/100      2.86G     0.8962      3.753     0.6685      1.202          0         25        640: 45% ━━━━━─────── 9/20 4.7it/s 2.1s<     73/100      2.86G     0.9083      3.721     0.6759      1.214          0         22        640: 50% ━━━━━━────── 10/20 4.5it/s 2.3s     73/100      2.86G     0.9011      3.703     0.6733      1.208          0         19        640: 55% ━━━━━━╸───── 11/20 4.6it/s 2.5s     73/100      2.86G     0.9024      3.697      0.675      1.212          0         22        640: 60% ━━━━━━━───── 12/20 4.7it/s 2.7s     73/100      2.86G     0.9004      3.706     0.6835       1.21          0         18        640: 65% ━━━━━━━╸──── 13/20 4.7it/s 2.9s     73/100      2.86G      0.918      3.693     0.7156      1.223          0         18        640: 70% ━━━━━━━━──── 14/20 4.7it/s 3.1s     73/100      2.86G      0.907      3.687     0.7124       1.22          0         15        640: 75% ━━━━━━━━━─── 15/20 4.7it/s 3.4s     73/100      2.86G     0.8972      3.681     0.7073      1.211          0         22        640: 80% ━━━━━━━━━╸── 16/20 4.7it/s 3.6s     73/100      2.86G     0.8911      3.697     0.7006      1.211          0         23        640: 85% ━━━━━━━━━━── 17/20 4.7it/s 3.8s     73/100      2.86G     0.8817      3.706     0.6941      1.201          0         20        640: 90% ━━━━━━━━━━╸─ 18/20 4.5it/s 4.0s     73/100      2.86G     0.9035      3.674     0.7301      1.208          0          3        640: 100% ━━━━━━━━━━━━ 20/20 4.9it/s 4.1s
                 Class     Images  Instances      Box(P          R      mAP50  mAP50-95)     Mask(P          R      mAP50  mAP50-95): 50                 Class     Images  Instances      Box(P          R      mAP50  mAP50-95)     Mask(P          R      mAP50  mAP50-95): 100% ━━━━━━━━━━━━ 2/2 7.8it/s 0.3s
                   all         17         17       0.76       0.93      0.907       0.67          0          0          0          0

      Epoch    GPU_mem   box_loss   seg_loss   cls_loss   dfl_loss   sem_loss  Instances       Size
     74/100      2.86G     0.9152      3.816     0.6695      1.121          0         24        640: 5% ╸─────────── 1/20 1.5it/s 0.4s<1     74/100      2.86G     0.8713      3.748     0.6641      1.127          0         19        640: 10% ━─────────── 2/20 2.5it/s 0.6s<     74/100      2.86G      0.867      3.747     0.6765      1.138          0         21        640: 15% ━╸────────── 3/20 3.2it/s 0.8s<     74/100      2.86G     0.8932      3.764     0.6861      1.146          0         22        640: 20% ━━────────── 4/20 3.7it/s 1.0s<     74/100      2.86G     0.8933      3.752     0.6931      1.159          0         21        640: 25% ━━━───────── 5/20 4.0it/s 1.2s<     74/100      2.86G     0.8768      3.735     0.6746      1.153          0         20        640: 30% ━━━╸──────── 6/20 4.1it/s 1.5s<     74/100      2.86G     0.8654      3.778     0.6921      1.162          0         11        640: 35% ━━━━──────── 7/20 4.2it/s 1.7s<     74/100      2.86G     0.8629      3.733     0.6956      1.155          0         23        640: 40% ━━━━╸─────── 8/20 4.4it/s 1.9s<     74/100      2.86G     0.8664        3.7     0.7037      1.164          0         21        640: 45% ━━━━━─────── 9/20 4.6it/s 2.1s<     74/100      2.86G     0.8732      3.711      0.702      1.177          0         20        640: 50% ━━━━━━────── 10/20 4.6it/s 2.3s     74/100      2.86G     0.8645      3.713     0.6911      1.169          0         24        640: 55% ━━━━━━╸───── 11/20 4.6it/s 2.5s     74/100      2.86G     0.8831      3.708     0.7006      1.184          0         20        640: 60% ━━━━━━━───── 12/20 4.6it/s 2.7s     74/100      2.86G      0.885      3.684     0.7122      1.178          0         17        640: 65% ━━━━━━━╸──── 13/20 4.6it/s 3.0s     74/100      2.86G     0.8786      3.693     0.7086      1.176          0         25        640: 70% ━━━━━━━━──── 14/20 4.5it/s 3.2s     74/100      2.86G     0.8763      3.699     0.7005      1.175          0         21        640: 75% ━━━━━━━━━─── 15/20 4.6it/s 3.4s     74/100      2.86G     0.8929      3.705     0.7013      1.197          0         19        640: 80% ━━━━━━━━━╸── 16/20 4.6it/s 3.6s     74/100      2.86G     0.8999      3.712     0.7068      1.209          0         23        640: 85% ━━━━━━━━━━── 17/20 4.6it/s 3.8s     74/100      2.86G     0.8958      3.724     0.6979      1.203          0         25        640: 90% ━━━━━━━━━━╸─ 18/20 4.7it/s 4.0s     74/100      2.86G     0.8816      3.739     0.6847      1.191          0          4        640: 100% ━━━━━━━━━━━━ 20/20 4.9it/s 4.1s
                 Class     Images  Instances      Box(P          R      mAP50  mAP50-95)     Mask(P          R      mAP50  mAP50-95): 50                 Class     Images  Instances      Box(P          R      mAP50  mAP50-95)     Mask(P          R      mAP50  mAP50-95): 100% ━━━━━━━━━━━━ 2/2 7.6it/s 0.3s
                   all         17         17      0.723      0.941      0.886      0.684          0          0          0          0    

      Epoch    GPU_mem   box_loss   seg_loss   cls_loss   dfl_loss   sem_loss  Instances       Size
     75/100      2.86G      1.096      3.557     0.6957      1.263          0         23        640: 5% ╸─────────── 1/20 1.5it/s 0.4s<1     75/100      2.86G      1.128      3.673     0.7504      1.301          0         21        640: 10% ━─────────── 2/20 2.4it/s 0.6s<     75/100      2.86G      1.019      3.681     0.7045      1.245          0         18        640: 15% ━╸────────── 3/20 3.2it/s 0.8s<     75/100      2.86G     0.9896      3.689     0.6713      1.211          0         26        640: 20% ━━────────── 4/20 3.6it/s 1.0s<     75/100      2.86G      0.987      3.768      0.659      1.221          0         20        640: 25% ━━━───────── 5/20 4.0it/s 1.2s<     75/100      2.86G     0.9603      3.758     0.6546      1.215          0         22        640: 30% ━━━╸──────── 6/20 4.3it/s 1.4s<     75/100      2.86G     0.9338       3.75     0.6445      1.204          0         18        640: 35% ━━━━──────── 7/20 4.5it/s 1.6s<     75/100      2.86G     0.9288      3.734     0.6579      1.215          0         19        640: 40% ━━━━╸─────── 8/20 4.5it/s 1.9s<     75/100      2.86G     0.9065      3.761      0.648      1.212          0         21        640: 45% ━━━━━─────── 9/20 4.6it/s 2.1s<     75/100      2.86G     0.9048      3.776      0.645      1.202          0         20        640: 50% ━━━━━━────── 10/20 4.5it/s 2.3s     75/100      2.86G     0.8961      3.808     0.6362      1.201          0         18        640: 55% ━━━━━━╸───── 11/20 4.5it/s 2.5s     75/100      2.86G     0.8972      3.797     0.6321      1.201          0         16        640: 60% ━━━━━━━───── 12/20 4.6it/s 2.7s     75/100      2.86G     0.8752      3.795     0.6229      1.186          0         23        640: 65% ━━━━━━━╸──── 13/20 4.6it/s 2.9s     75/100      2.86G     0.8764      3.801     0.6261      1.185          0         20        640: 70% ━━━━━━━━──── 14/20 4.7it/s 3.2s     75/100      2.86G     0.8829      3.806     0.6271      1.187          0         15        640: 75% ━━━━━━━━━─── 15/20 4.7it/s 3.4s     75/100      2.86G     0.8779      3.799     0.6325      1.189          0         23        640: 80% ━━━━━━━━━╸── 16/20 4.6it/s 3.6s     75/100      2.86G     0.8778      3.784     0.6336      1.184          0         21        640: 85% ━━━━━━━━━━── 17/20 4.6it/s 3.8s     75/100      2.86G     0.8743      3.787     0.6296      1.189          0         19        640: 90% ━━━━━━━━━━╸─ 18/20 4.6it/s 4.0s     75/100      2.86G      0.865      3.792     0.6365      1.176          0          3        640: 100% ━━━━━━━━━━━━ 20/20 4.9it/s 4.1s
                 Class     Images  Instances      Box(P          R      mAP50  mAP50-95)     Mask(P          R      mAP50  mAP50-95): 50                 Class     Images  Instances      Box(P          R      mAP50  mAP50-95)     Mask(P          R      mAP50  mAP50-95): 100% ━━━━━━━━━━━━ 2/2 7.9it/s 0.3s
                   all         17         17      0.771      0.824      0.898      0.677          0          0          0          0

      Epoch    GPU_mem   box_loss   seg_loss   cls_loss   dfl_loss   sem_loss  Instances       Size
     76/100      2.86G      0.876      3.632     0.7715      1.202          0         17        640: 5% ╸─────────── 1/20 1.4it/s 0.4s<1     76/100      2.86G     0.9543       3.69     0.7955      1.262          0         23        640: 10% ━─────────── 2/20 2.5it/s 0.6s<     76/100      2.86G      0.948       3.72     0.7479      1.253          0         21        640: 15% ━╸────────── 3/20 3.3it/s 0.8s<     76/100      2.86G     0.9082      3.746     0.7143      1.245          0         21        640: 20% ━━────────── 4/20 3.8it/s 1.0s<     76/100      2.86G     0.8781      3.743     0.6997      1.221          0         21        640: 25% ━━━───────── 5/20 4.2it/s 1.2s<     76/100      2.86G     0.8942      3.706     0.6907      1.222          0         19        640: 30% ━━━╸──────── 6/20 4.2it/s 1.4s<     76/100      2.86G     0.9131      3.728        0.7      1.224          0         16        640: 35% ━━━━──────── 7/20 4.4it/s 1.7s<     76/100      2.86G     0.9031      3.746     0.6757      1.212          0         20        640: 40% ━━━━╸─────── 8/20 4.5it/s 1.9s<     76/100      2.86G     0.8862      3.748     0.6682      1.208          0         12        640: 45% ━━━━━─────── 9/20 4.6it/s 2.1s<     76/100      2.86G     0.8791      3.759     0.6631      1.202          0         26        640: 50% ━━━━━━────── 10/20 4.6it/s 2.3s     76/100      2.86G     0.8773      3.742      0.661      1.202          0         19        640: 55% ━━━━━━╸───── 11/20 4.6it/s 2.5s     76/100      2.86G     0.8779      3.773     0.6668      1.206          0         19        640: 60% ━━━━━━━───── 12/20 4.7it/s 2.7s     76/100      2.86G     0.8838      3.781     0.6734      1.212          0         14        640: 65% ━━━━━━━╸──── 13/20 4.6it/s 2.9s     76/100      2.86G     0.8779      3.805     0.6729      1.209          0         20        640: 70% ━━━━━━━━──── 14/20 4.5it/s 3.2s     76/100      2.86G     0.8815      3.805     0.6642      1.214          0         20        640: 75% ━━━━━━━━━─── 15/20 4.6it/s 3.4s     76/100      2.86G     0.8717      3.819     0.6583      1.205          0         23        640: 80% ━━━━━━━━━╸── 16/20 4.6it/s 3.6s     76/100      2.86G     0.8752      3.795     0.6528       1.21          0         18        640: 85% ━━━━━━━━━━── 17/20 4.7it/s 3.8s     76/100      2.86G     0.8847      3.775      0.654      1.215          0         21        640: 90% ━━━━━━━━━━╸─ 18/20 4.7it/s 4.0s     76/100      2.86G     0.8864      3.719     0.7028      1.204          0          1        640: 100% ━━━━━━━━━━━━ 20/20 4.9it/s 4.1s
                 Class     Images  Instances      Box(P          R      mAP50  mAP50-95)     Mask(P          R      mAP50  mAP50-95): 50                 Class     Images  Instances      Box(P          R      mAP50  mAP50-95)     Mask(P          R      mAP50  mAP50-95): 100% ━━━━━━━━━━━━ 2/2 7.7it/s 0.3s
                   all         17         17      0.913      0.706      0.879       0.64          0          0          0          0    

      Epoch    GPU_mem   box_loss   seg_loss   cls_loss   dfl_loss   sem_loss  Instances       Size
     77/100      2.86G     0.8347      3.576      0.651      1.195          0         20        640: 5% ╸─────────── 1/20 1.5it/s 0.4s<1     77/100      2.86G     0.7604      3.625     0.6792      1.128          0         16        640: 10% ━─────────── 2/20 2.4it/s 0.6s<     77/100      2.86G      0.887      3.562     0.7327       1.23          0         22        640: 15% ━╸────────── 3/20 3.1it/s 0.8s<     77/100      2.86G     0.8969       3.57     0.7288      1.236          0         21        640: 20% ━━────────── 4/20 3.6it/s 1.0s<     77/100      2.86G     0.8728      3.631     0.7098      1.231          0         14        640: 25% ━━━───────── 5/20 4.0it/s 1.2s<     77/100      2.86G     0.8763      3.623     0.7241      1.214          0         19        640: 30% ━━━╸──────── 6/20 4.4it/s 1.4s<     77/100      2.86G     0.8884      3.634     0.7166      1.218          0         23        640: 35% ━━━━──────── 7/20 4.5it/s 1.6s<     77/100      2.86G     0.8811      3.658     0.7076      1.218          0         18        640: 40% ━━━━╸─────── 8/20 4.6it/s 1.8s<     77/100      2.86G     0.8825      3.695     0.7052       1.21          0         18        640: 45% ━━━━━─────── 9/20 4.7it/s 2.1s<     77/100      2.86G     0.8692       3.68       0.69      1.212          0         15        640: 50% ━━━━━━────── 10/20 4.6it/s 2.3s     77/100      2.86G     0.8514      3.695     0.6715      1.201          0         21        640: 55% ━━━━━━╸───── 11/20 4.6it/s 2.5s     77/100      2.86G     0.8524      3.718     0.6684        1.2          0         21        640: 60% ━━━━━━━───── 12/20 4.7it/s 2.7s     77/100      2.86G     0.8543      3.736       0.67      1.205          0         20        640: 65% ━━━━━━━╸──── 13/20 4.7it/s 2.9s     77/100      2.86G     0.8576      3.751       0.67       1.21          0         19        640: 70% ━━━━━━━━──── 14/20 4.7it/s 3.1s     77/100      2.86G     0.8464       3.75     0.6675      1.198          0         19        640: 75% ━━━━━━━━━─── 15/20 4.7it/s 3.3s     77/100      2.86G     0.8519      3.749     0.6641      1.203          0         23        640: 80% ━━━━━━━━━╸── 16/20 4.6it/s 3.6s     77/100      2.86G     0.8604      3.774     0.6645      1.215          0         19        640: 85% ━━━━━━━━━━── 17/20 4.7it/s 3.8s     77/100      2.86G     0.8591      3.787     0.6715      1.214          0         17        640: 90% ━━━━━━━━━━╸─ 18/20 4.6it/s 4.0s     77/100      2.86G     0.8917      3.784      0.671      1.241          0          3        640: 100% ━━━━━━━━━━━━ 20/20 4.9it/s 4.1s
                 Class     Images  Instances      Box(P          R      mAP50  mAP50-95)     Mask(P          R      mAP50  mAP50-95): 50                 Class     Images  Instances      Box(P          R      mAP50  mAP50-95)     Mask(P          R      mAP50  mAP50-95): 100% ━━━━━━━━━━━━ 2/2 8.0it/s 0.3s
                   all         17         17      0.872        0.8       0.91      0.647          0          0          0          0    

      Epoch    GPU_mem   box_loss   seg_loss   cls_loss   dfl_loss   sem_loss  Instances       Size
     78/100      2.86G     0.8152      3.936     0.7939      1.233          0         23        640: 5% ╸─────────── 1/20 1.4it/s 0.4s<1     78/100      2.86G     0.8472      3.858     0.7453      1.222          0         21        640: 10% ━─────────── 2/20 2.4it/s 0.6s<     78/100      2.86G     0.8401        3.8     0.7012      1.217          0         20        640: 15% ━╸────────── 3/20 3.3it/s 0.8s<     78/100      2.86G     0.8498      3.904     0.7021      1.209          0         19        640: 20% ━━────────── 4/20 3.8it/s 1.0s<     78/100      2.86G     0.8665      3.907     0.6977      1.229          0         20        640: 25% ━━━───────── 5/20 4.1it/s 1.2s<     78/100      2.86G      0.851      3.851     0.6728      1.222          0         23        640: 30% ━━━╸──────── 6/20 4.2it/s 1.4s<     78/100      2.86G     0.8621      3.856     0.6617      1.204          0         24        640: 35% ━━━━──────── 7/20 4.3it/s 1.7s<     78/100      2.86G     0.8805      3.838     0.6709      1.201          0         22        640: 40% ━━━━╸─────── 8/20 4.4it/s 1.9s<     78/100      2.86G     0.8969      3.792      0.666       1.21          0         23        640: 45% ━━━━━─────── 9/20 4.5it/s 2.1s<     78/100      2.86G     0.9027       3.78     0.6661      1.222          0         19        640: 50% ━━━━━━────── 10/20 4.5it/s 2.3s     78/100      2.86G     0.8968      3.777     0.6685       1.22          0         17        640: 55% ━━━━━━╸───── 11/20 4.6it/s 2.5s     78/100      2.86G     0.9069      3.777     0.6677      1.215          0         26        640: 60% ━━━━━━━───── 12/20 4.7it/s 2.7s     78/100      2.86G     0.9025      3.778     0.6668      1.214          0         20        640: 65% ━━━━━━━╸──── 13/20 4.7it/s 2.9s     78/100      2.86G     0.8883      3.786     0.6577      1.206          0         24        640: 70% ━━━━━━━━──── 14/20 4.6it/s 3.2s     78/100      2.86G     0.8865      3.786      0.657      1.208          0         25        640: 75% ━━━━━━━━━─── 15/20 4.7it/s 3.4s     78/100      2.86G     0.8926      3.782     0.6601      1.209          0         27        640: 80% ━━━━━━━━━╸── 16/20 4.7it/s 3.6s     78/100      2.86G      0.906      3.801     0.6573      1.224          0         21        640: 85% ━━━━━━━━━━── 17/20 4.7it/s 3.8s     78/100      2.86G     0.9005      3.807     0.6504      1.224          0         21        640: 90% ━━━━━━━━━━╸─ 18/20 4.7it/s 4.0s     78/100      2.86G     0.8736      3.803     0.6345      1.212          0          1        640: 100% ━━━━━━━━━━━━ 20/20 4.9it/s 4.1s
                 Class     Images  Instances      Box(P          R      mAP50  mAP50-95)     Mask(P          R      mAP50  mAP50-95): 50                 Class     Images  Instances      Box(P          R      mAP50  mAP50-95)     Mask(P          R      mAP50  mAP50-95): 100% ━━━━━━━━━━━━ 2/2 7.6it/s 0.3s
                   all         17         17      0.821      0.811      0.896      0.646          0          0          0          0    

      Epoch    GPU_mem   box_loss   seg_loss   cls_loss   dfl_loss   sem_loss  Instances       Size
     79/100      2.86G     0.8267      3.857     0.6481      1.206          0         18        640: 5% ╸─────────── 1/20 1.4it/s 0.4s<1     79/100      2.86G     0.8548      3.921     0.6272      1.215          0         20        640: 10% ━─────────── 2/20 2.4it/s 0.6s<     79/100      2.86G     0.8242      3.881     0.6175      1.181          0         19        640: 15% ━╸────────── 3/20 3.0it/s 0.9s<     79/100      2.86G     0.7967      3.891     0.6054      1.173          0         18        640: 20% ━━────────── 4/20 3.6it/s 1.1s<     79/100      2.86G     0.8134      3.845     0.6152      1.187          0         17        640: 25% ━━━───────── 5/20 4.0it/s 1.3s<     79/100      2.86G     0.8102      3.847     0.6149      1.173          0         21        640: 30% ━━━╸──────── 6/20 4.3it/s 1.5s<     79/100      2.86G     0.8228      3.911     0.6399      1.181          0         17        640: 35% ━━━━──────── 7/20 4.4it/s 1.7s<     79/100      2.86G     0.8145        3.9     0.6479      1.169          0         19        640: 40% ━━━━╸─────── 8/20 4.6it/s 1.9s<     79/100      2.86G     0.8166      3.889     0.6492      1.162          0         19        640: 45% ━━━━━─────── 9/20 4.6it/s 2.1s<     79/100      2.86G     0.8386      3.854     0.6476       1.17          0         24        640: 50% ━━━━━━────── 10/20 4.4it/s 2.3s     79/100      2.86G     0.8538      3.798     0.6496      1.172          0         22        640: 55% ━━━━━━╸───── 11/20 4.6it/s 2.5s     79/100      2.86G     0.8538      3.817     0.6504      1.174          0         19        640: 60% ━━━━━━━───── 12/20 4.7it/s 2.7s     79/100      2.86G     0.8586      3.826     0.6545      1.169          0         26        640: 65% ━━━━━━━╸──── 13/20 4.7it/s 3.0s     79/100      2.86G     0.8588      3.827     0.6473       1.17          0         19        640: 70% ━━━━━━━━──── 14/20 4.7it/s 3.2s     79/100      2.86G     0.8671      3.819     0.6519      1.172          0         22        640: 75% ━━━━━━━━━─── 15/20 4.6it/s 3.4s     79/100      2.86G     0.8635      3.826     0.6463      1.163          0         27        640: 80% ━━━━━━━━━╸── 16/20 4.6it/s 3.6s     79/100      2.86G     0.8688      3.835     0.6452      1.175          0         16        640: 85% ━━━━━━━━━━── 17/20 4.7it/s 3.8s     79/100      2.86G     0.8722       3.84     0.6533      1.184          0         17        640: 90% ━━━━━━━━━━╸─ 18/20 4.5it/s 4.1s     79/100      2.86G     0.8599      3.848     0.6419      1.176          0          4        640: 100% ━━━━━━━━━━━━ 20/20 4.9it/s 4.1s
                 Class     Images  Instances      Box(P          R      mAP50  mAP50-95)     Mask(P          R      mAP50  mAP50-95): 50                 Class     Images  Instances      Box(P          R      mAP50  mAP50-95)     Mask(P          R      mAP50  mAP50-95): 100% ━━━━━━━━━━━━ 2/2 7.8it/s 0.3s
                   all         17         17      0.831       0.87      0.909      0.652          0          0          0          0    

      Epoch    GPU_mem   box_loss   seg_loss   cls_loss   dfl_loss   sem_loss  Instances       Size
     80/100      2.86G     0.8146      3.786     0.5753      1.119          0         24        640: 5% ╸─────────── 1/20 1.4it/s 0.4s<1     80/100      2.86G     0.8242      3.724     0.6791      1.146          0         19        640: 10% ━─────────── 2/20 2.6it/s 0.6s<     80/100      2.86G     0.8113      3.743     0.7277      1.152          0         13        640: 15% ━╸────────── 3/20 3.3it/s 0.8s<     80/100      2.86G     0.8854      3.737     0.7204      1.201          0         22        640: 20% ━━────────── 4/20 3.7it/s 1.0s<     80/100      2.86G     0.9365      3.707     0.7707      1.224          0         19        640: 25% ━━━───────── 5/20 4.1it/s 1.2s<     80/100      2.86G     0.9506      3.706     0.7676      1.233          0         27        640: 30% ━━━╸──────── 6/20 4.2it/s 1.4s<     80/100      2.86G     0.9459      3.721     0.7526      1.234          0         18        640: 35% ━━━━──────── 7/20 4.3it/s 1.7s<     80/100      2.86G     0.9374       3.76     0.7449       1.21          0         21        640: 40% ━━━━╸─────── 8/20 4.5it/s 1.9s<     80/100      2.86G     0.9219      3.764     0.7247      1.202          0         20        640: 45% ━━━━━─────── 9/20 4.5it/s 2.1s<     80/100      2.86G     0.9114      3.731     0.7224       1.19          0         26        640: 50% ━━━━━━────── 10/20 4.6it/s 2.3s     80/100      2.86G     0.9194      3.751     0.7124      1.195          0         19        640: 55% ━━━━━━╸───── 11/20 4.7it/s 2.5s     80/100      2.86G     0.9104      3.765     0.6961       1.19          0         21        640: 60% ━━━━━━━───── 12/20 4.7it/s 2.7s     80/100      2.86G     0.9178      3.739     0.6952      1.194          0         23        640: 65% ━━━━━━━╸──── 13/20 4.6it/s 2.9s     80/100      2.86G     0.8982       3.75     0.6808      1.189          0         22        640: 70% ━━━━━━━━──── 14/20 4.5it/s 3.2s     80/100      2.86G     0.8955      3.755     0.6797      1.189          0         18        640: 75% ━━━━━━━━━─── 15/20 4.6it/s 3.4s     80/100      2.86G     0.8924      3.768     0.6779      1.194          0         16        640: 80% ━━━━━━━━━╸── 16/20 4.6it/s 3.6s     80/100      2.86G     0.8959      3.757     0.6778      1.196          0         23        640: 85% ━━━━━━━━━━── 17/20 4.6it/s 3.8s     80/100      2.86G     0.8875      3.763      0.674      1.189          0         22        640: 90% ━━━━━━━━━━╸─ 18/20 4.6it/s 4.0s     80/100      2.86G     0.9291       3.77     0.7037      1.207          0          4        640: 100% ━━━━━━━━━━━━ 20/20 4.9it/s 4.1s
                 Class     Images  Instances      Box(P          R      mAP50  mAP50-95)     Mask(P          R      mAP50  mAP50-95): 50                 Class     Images  Instances      Box(P          R      mAP50  mAP50-95)     Mask(P          R      mAP50  mAP50-95): 100% ━━━━━━━━━━━━ 2/2 7.7it/s 0.3s
                   all         17         17      0.832      0.875      0.913       0.65          0          0          0          0

      Epoch    GPU_mem   box_loss   seg_loss   cls_loss   dfl_loss   sem_loss  Instances       Size
     81/100      2.86G     0.8167      3.502     0.6375      1.122          0         19        640: 5% ╸─────────── 1/20 1.5it/s 0.4s<1     81/100      2.86G     0.8036       3.54     0.6194      1.118          0         19        640: 10% ━─────────── 2/20 2.3it/s 0.6s<     81/100      2.86G     0.7951      3.547     0.6353      1.118          0         17        640: 15% ━╸────────── 3/20 3.1it/s 0.9s<     81/100      2.86G     0.7871      3.558      0.627      1.102          0         25        640: 20% ━━────────── 4/20 3.6it/s 1.1s<     81/100      2.86G     0.8307      3.642     0.6546       1.16          0         16        640: 25% ━━━───────── 5/20 4.0it/s 1.3s<     81/100      2.86G     0.8248      3.671     0.6465      1.157          0         23        640: 30% ━━━╸──────── 6/20 4.2it/s 1.5s<     81/100      2.86G     0.8448      3.681     0.6413      1.165          0         21        640: 35% ━━━━──────── 7/20 4.3it/s 1.7s<     81/100      2.86G     0.8373      3.711     0.6352      1.169          0         18        640: 40% ━━━━╸─────── 8/20 4.5it/s 1.9s<     81/100      2.86G     0.8363      3.692     0.6398      1.179          0         17        640: 45% ━━━━━─────── 9/20 4.6it/s 2.1s<     81/100      2.86G     0.8195      3.704      0.627      1.173          0         20        640: 50% ━━━━━━────── 10/20 4.4it/s 2.3s     81/100      2.86G     0.8216      3.699     0.6261      1.169          0         24        640: 55% ━━━━━━╸───── 11/20 4.5it/s 2.6s     81/100      2.86G     0.8241      3.717     0.6222      1.169          0         18        640: 60% ━━━━━━━───── 12/20 4.6it/s 2.8s     81/100      2.86G     0.8329      3.712     0.6172      1.176          0         17        640: 65% ━━━━━━━╸──── 13/20 4.6it/s 3.0s     81/100      2.86G     0.8287       3.73     0.6244       1.17          0         21        640: 70% ━━━━━━━━──── 14/20 4.7it/s 3.2s     81/100      2.86G     0.8357      3.716      0.631      1.168          0         25        640: 75% ━━━━━━━━━─── 15/20 4.8it/s 3.4s     81/100      2.86G     0.8361      3.691     0.6389      1.164          0         16        640: 80% ━━━━━━━━━╸── 16/20 4.7it/s 3.6s     81/100      2.86G     0.8225      3.689     0.6308      1.157          0         20        640: 85% ━━━━━━━━━━── 17/20 4.7it/s 3.8s     81/100      2.86G     0.8258      3.701     0.6395      1.161          0         20        640: 90% ━━━━━━━━━━╸─ 18/20 4.6it/s 4.1s     81/100      2.86G      0.846      3.735     0.6634      1.173          0          3        640: 100% ━━━━━━━━━━━━ 20/20 4.9it/s 4.1s
                 Class     Images  Instances      Box(P          R      mAP50  mAP50-95)     Mask(P          R      mAP50  mAP50-95): 50                 Class     Images  Instances      Box(P          R      mAP50  mAP50-95)     Mask(P          R      mAP50  mAP50-95): 100% ━━━━━━━━━━━━ 2/2 7.9it/s 0.3s
                   all         17         17      0.828      0.941      0.912      0.658          0          0          0          0    

      Epoch    GPU_mem   box_loss   seg_loss   cls_loss   dfl_loss   sem_loss  Instances       Size
     82/100      2.86G      0.727      3.648      0.581      1.074          0         27        640: 5% ╸─────────── 1/20 1.4it/s 0.4s<1     82/100      2.86G     0.7229      3.787     0.5727      1.072          0         19        640: 10% ━─────────── 2/20 2.5it/s 0.6s<     82/100      2.86G     0.7497      3.757     0.5731      1.098          0         22        640: 15% ━╸────────── 3/20 3.2it/s 0.8s<     82/100      2.86G     0.7516      3.816     0.5902      1.102          0         19        640: 20% ━━────────── 4/20 3.7it/s 1.0s<     82/100      2.86G     0.7777      3.802     0.6241      1.119          0         17        640: 25% ━━━───────── 5/20 4.0it/s 1.2s<     82/100      2.86G     0.7625      3.777     0.6159      1.108          0         18        640: 30% ━━━╸──────── 6/20 4.2it/s 1.5s<     82/100      2.86G     0.7773       3.81     0.6118      1.113          0         21        640: 35% ━━━━──────── 7/20 4.3it/s 1.7s<     82/100      2.86G     0.8131       3.87     0.6238      1.151          0         17        640: 40% ━━━━╸─────── 8/20 4.5it/s 1.9s<     82/100      2.86G     0.8024      3.859     0.6217      1.145          0         22        640: 45% ━━━━━─────── 9/20 4.5it/s 2.1s<     82/100      2.86G     0.8219      3.829      0.629      1.158          0         24        640: 50% ━━━━━━────── 10/20 4.6it/s 2.3s     82/100      2.86G     0.8244      3.825     0.6329      1.163          0         14        640: 55% ━━━━━━╸───── 11/20 4.6it/s 2.5s     82/100      2.86G     0.8282      3.808     0.6396      1.166          0         19        640: 60% ━━━━━━━───── 12/20 4.7it/s 2.7s     82/100      2.86G     0.8256       3.82     0.6475      1.172          0         19        640: 65% ━━━━━━━╸──── 13/20 4.7it/s 2.9s     82/100      2.86G     0.8291      3.794     0.6475      1.171          0         18        640: 70% ━━━━━━━━──── 14/20 4.6it/s 3.2s     82/100      2.86G     0.8242      3.795     0.6515      1.166          0         15        640: 75% ━━━━━━━━━─── 15/20 4.6it/s 3.4s     82/100      2.86G      0.821      3.779     0.6461      1.163          0         20        640: 80% ━━━━━━━━━╸── 16/20 4.7it/s 3.6s     82/100      2.86G     0.8337      3.776     0.6519      1.176          0         21        640: 85% ━━━━━━━━━━── 17/20 4.7it/s 3.8s     82/100      2.86G     0.8322      3.754      0.653      1.175          0         23        640: 90% ━━━━━━━━━━╸─ 18/20 4.7it/s 4.0s     82/100      2.86G     0.9522      3.779      1.003      1.308          0          1        640: 100% ━━━━━━━━━━━━ 20/20 4.9it/s 4.1s
                 Class     Images  Instances      Box(P          R      mAP50  mAP50-95)     Mask(P          R      mAP50  mAP50-95): 50                 Class     Images  Instances      Box(P          R      mAP50  mAP50-95)     Mask(P          R      mAP50  mAP50-95): 100% ━━━━━━━━━━━━ 2/2 7.7it/s 0.3s
                   all         17         17      0.898      0.824      0.894      0.641          0          0          0          0    

      Epoch    GPU_mem   box_loss   seg_loss   cls_loss   dfl_loss   sem_loss  Instances       Size
     83/100      2.86G     0.7377      3.663     0.5991      1.141          0         26        640: 5% ╸─────────── 1/20 1.5it/s 0.4s<1     83/100      2.86G     0.7799      3.733     0.6055       1.16          0         22        640: 10% ━─────────── 2/20 2.4it/s 0.6s<     83/100      2.86G     0.8035      3.806     0.5901      1.171          0         23        640: 15% ━╸────────── 3/20 3.1it/s 0.8s<     83/100      2.86G     0.8314      3.859     0.5941       1.18          0         26        640: 20% ━━────────── 4/20 3.6it/s 1.0s<     83/100      2.86G     0.8512      3.805     0.5991      1.176          0         20        640: 25% ━━━───────── 5/20 4.0it/s 1.2s<     83/100      2.86G     0.8679       3.86     0.6243      1.181          0         14        640: 30% ━━━╸──────── 6/20 4.2it/s 1.5s<     83/100      2.86G     0.8533      3.838     0.6183      1.155          0         19        640: 35% ━━━━──────── 7/20 4.3it/s 1.7s<     83/100      2.86G     0.8611      3.804     0.6269      1.168          0         19        640: 40% ━━━━╸─────── 8/20 4.4it/s 1.9s<     83/100      2.86G     0.8659      3.766       0.63      1.188          0         16        640: 45% ━━━━━─────── 9/20 4.5it/s 2.1s<     83/100      2.86G     0.8579      3.753     0.6242      1.178          0         21        640: 50% ━━━━━━────── 10/20 4.5it/s 2.3s     83/100      2.86G     0.8539       3.76     0.6212       1.18          0         17        640: 55% ━━━━━━╸───── 11/20 4.6it/s 2.5s     83/100      2.86G     0.8506      3.763     0.6173      1.177          0         21        640: 60% ━━━━━━━───── 12/20 4.7it/s 2.8s     83/100      2.86G     0.8505      3.746     0.6224      1.181          0         22        640: 65% ━━━━━━━╸──── 13/20 4.7it/s 3.0s     83/100      2.86G     0.8367      3.754     0.6125      1.171          0         18        640: 70% ━━━━━━━━──── 14/20 4.7it/s 3.2s     83/100      2.86G     0.8435      3.785     0.6205      1.179          0         16        640: 75% ━━━━━━━━━─── 15/20 4.7it/s 3.4s     83/100      2.86G     0.8396      3.786     0.6197       1.17          0         19        640: 80% ━━━━━━━━━╸── 16/20 4.7it/s 3.6s     83/100      2.86G      0.832      3.801     0.6261      1.167          0         19        640: 85% ━━━━━━━━━━── 17/20 4.7it/s 3.8s     83/100      2.86G     0.8246      3.791     0.6224      1.165          0         23        640: 90% ━━━━━━━━━━╸─ 18/20 4.5it/s 4.0s     83/100      2.86G     0.8374      3.739     0.6344      1.185          0          2        640: 100% ━━━━━━━━━━━━ 20/20 4.9it/s 4.1s
                 Class     Images  Instances      Box(P          R      mAP50  mAP50-95)     Mask(P          R      mAP50  mAP50-95): 50                 Class     Images  Instances      Box(P          R      mAP50  mAP50-95)     Mask(P          R      mAP50  mAP50-95): 100% ━━━━━━━━━━━━ 2/2 7.8it/s 0.3s
                   all         17         17      0.752      0.941      0.875      0.616          0          0          0          0    

      Epoch    GPU_mem   box_loss   seg_loss   cls_loss   dfl_loss   sem_loss  Instances       Size
     84/100      2.86G     0.8431      3.866     0.5372      1.127          0         25        640: 5% ╸─────────── 1/20 1.4it/s 0.4s<1     84/100      2.86G      0.841      3.867     0.5601      1.136          0         20        640: 10% ━─────────── 2/20 2.5it/s 0.6s<     84/100      2.86G       0.82      3.879      0.577      1.128          0         26        640: 15% ━╸────────── 3/20 3.2it/s 0.8s<     84/100      2.86G     0.8252      3.844     0.5935      1.132          0         27        640: 20% ━━────────── 4/20 3.7it/s 1.0s<     84/100      2.86G     0.8351       3.88     0.6123      1.144          0         19        640: 25% ━━━───────── 5/20 4.1it/s 1.2s<     84/100      2.86G     0.8397      3.946     0.6052      1.167          0         14        640: 30% ━━━╸──────── 6/20 4.2it/s 1.4s<     84/100      2.86G     0.8655      3.937     0.6185      1.196          0         18        640: 35% ━━━━──────── 7/20 4.4it/s 1.6s<     84/100      2.86G     0.8483      3.908     0.6137      1.174          0         27        640: 40% ━━━━╸─────── 8/20 4.6it/s 1.8s<     84/100      2.86G     0.8566      3.902     0.6493      1.178          0         17        640: 45% ━━━━━─────── 9/20 4.6it/s 2.1s<     84/100      2.86G     0.8551      3.903     0.6429      1.182          0         14        640: 50% ━━━━━━────── 10/20 4.7it/s 2.3s     84/100      2.86G     0.8532       3.91     0.6377       1.18          0         20        640: 55% ━━━━━━╸───── 11/20 4.8it/s 2.5s     84/100      2.86G     0.8669      3.887     0.6497      1.195          0         17        640: 60% ━━━━━━━───── 12/20 4.7it/s 2.7s     84/100      2.86G     0.8738      3.887     0.6682      1.197          0         18        640: 65% ━━━━━━━╸──── 13/20 4.7it/s 2.9s     84/100      2.86G     0.8648      3.868     0.6594      1.192          0         25        640: 70% ━━━━━━━━──── 14/20 4.6it/s 3.1s     84/100      2.86G     0.8628      3.847     0.6568      1.183          0         21        640: 75% ━━━━━━━━━─── 15/20 4.6it/s 3.3s     84/100      2.86G      0.872      3.855     0.6652      1.191          0         19        640: 80% ━━━━━━━━━╸── 16/20 4.7it/s 3.5s     84/100      2.86G     0.8749      3.852     0.6679      1.191          0         16        640: 85% ━━━━━━━━━━── 17/20 4.7it/s 3.8s     84/100      2.86G     0.8637      3.843     0.6611      1.183          0         21        640: 90% ━━━━━━━━━━╸─ 18/20 4.7it/s 4.0s     84/100      2.86G      0.842      3.874     0.6509      1.171          0          1        640: 100% ━━━━━━━━━━━━ 20/20 4.9it/s 4.0s
                 Class     Images  Instances      Box(P          R      mAP50  mAP50-95)     Mask(P          R      mAP50  mAP50-95): 50                 Class     Images  Instances      Box(P          R      mAP50  mAP50-95)     Mask(P          R      mAP50  mAP50-95): 100% ━━━━━━━━━━━━ 2/2 7.5it/s 0.3s
                   all         17         17       0.76      0.931      0.876      0.622          0          0          0          0    

      Epoch    GPU_mem   box_loss   seg_loss   cls_loss   dfl_loss   sem_loss  Instances       Size
     85/100      2.86G     0.8456      3.861     0.6228       1.14          0         22        640: 5% ╸─────────── 1/20 1.5it/s 0.4s<1     85/100      2.86G     0.8253      3.721     0.6547      1.128          0         23        640: 10% ━─────────── 2/20 2.4it/s 0.6s<     85/100      2.86G     0.8134      3.772     0.6376      1.124          0         24        640: 15% ━╸────────── 3/20 3.1it/s 0.8s<     85/100      2.86G     0.7615      3.773     0.5874      1.097          0         17        640: 20% ━━────────── 4/20 3.6it/s 1.0s<     85/100      2.86G     0.7803      3.716     0.6094      1.108          0         21        640: 25% ━━━───────── 5/20 4.0it/s 1.2s<     85/100      2.86G     0.8018      3.655     0.6304      1.115          0         24        640: 30% ━━━╸──────── 6/20 4.2it/s 1.5s<     85/100      2.86G      0.797      3.668     0.6222      1.118          0         27        640: 35% ━━━━──────── 7/20 4.3it/s 1.7s<     85/100      2.86G      0.775      3.666     0.6007      1.105          0         23        640: 40% ━━━━╸─────── 8/20 4.5it/s 1.9s<     85/100      2.86G     0.8027      3.688     0.6054      1.137          0         18        640: 45% ━━━━━─────── 9/20 4.6it/s 2.1s<     85/100      2.86G      0.812      3.673     0.6123      1.153          0         17        640: 50% ━━━━━━────── 10/20 4.5it/s 2.3s     85/100      2.86G     0.8306      3.672     0.6168      1.178          0         18        640: 55% ━━━━━━╸───── 11/20 4.5it/s 2.5s     85/100      2.86G     0.8355      3.677     0.6224      1.176          0         17        640: 60% ━━━━━━━───── 12/20 4.5it/s 2.8s     85/100      2.86G     0.8313        3.7     0.6208      1.178          0         21        640: 65% ━━━━━━━╸──── 13/20 4.5it/s 3.0s     85/100      2.86G     0.8396      3.678     0.6276      1.185          0         23        640: 70% ━━━━━━━━──── 14/20 4.6it/s 3.2s     85/100      2.86G      0.851      3.712     0.6313      1.191          0         20        640: 75% ━━━━━━━━━─── 15/20 4.6it/s 3.4s     85/100      2.86G     0.8626      3.729     0.6328      1.192          0         17        640: 80% ━━━━━━━━━╸── 16/20 4.7it/s 3.6s     85/100      2.86G     0.8622      3.723     0.6368      1.185          0         23        640: 85% ━━━━━━━━━━── 17/20 4.6it/s 3.8s     85/100      2.86G     0.8542      3.716     0.6323      1.178          0         26        640: 90% ━━━━━━━━━━╸─ 18/20 4.5it/s 4.1s     85/100      2.86G     0.8292      3.738      0.678      1.169          0          1        640: 100% ━━━━━━━━━━━━ 20/20 4.8it/s 4.1s
                 Class     Images  Instances      Box(P          R      mAP50  mAP50-95)     Mask(P          R      mAP50  mAP50-95): 50                 Class     Images  Instances      Box(P          R      mAP50  mAP50-95)     Mask(P          R      mAP50  mAP50-95): 100% ━━━━━━━━━━━━ 2/2 7.9it/s 0.3s
                   all         17         17      0.911      0.647      0.848      0.644          0          0          0          0    

      Epoch    GPU_mem   box_loss   seg_loss   cls_loss   dfl_loss   sem_loss  Instances       Size
     86/100      2.86G      1.019      3.759      0.748      1.305          0         16        640: 5% ╸─────────── 1/20 1.5it/s 0.4s<1     86/100      2.86G     0.9427      3.763     0.7138      1.264          0         23        640: 10% ━─────────── 2/20 2.6it/s 0.6s<     86/100      2.86G     0.9542      3.769     0.6931        1.3          0         17        640: 15% ━╸────────── 3/20 3.2it/s 0.8s<     86/100      2.86G     0.9126      3.705     0.6626      1.286          0         16        640: 20% ━━────────── 4/20 3.8it/s 1.0s<     86/100      2.86G     0.9142      3.747     0.6522      1.293          0         18        640: 25% ━━━───────── 5/20 4.2it/s 1.2s<     86/100      2.86G     0.8832      3.729     0.6287      1.273          0         21        640: 30% ━━━╸──────── 6/20 4.2it/s 1.4s<     86/100      2.86G     0.8756      3.749     0.6328      1.265          0         21        640: 35% ━━━━──────── 7/20 4.4it/s 1.7s<     86/100      2.86G     0.8871      3.752     0.6309      1.268          0         24        640: 40% ━━━━╸─────── 8/20 4.5it/s 1.9s<     86/100      2.86G     0.8574      3.742     0.6164      1.242          0         19        640: 45% ━━━━━─────── 9/20 4.6it/s 2.1s<     86/100      2.86G     0.8523      3.728     0.6091      1.234          0         26        640: 50% ━━━━━━────── 10/20 4.6it/s 2.3s     86/100      2.86G     0.8467      3.732     0.5972      1.222          0         22        640: 55% ━━━━━━╸───── 11/20 4.7it/s 2.5s     86/100      2.86G     0.8448      3.736     0.6057       1.22          0         19        640: 60% ━━━━━━━───── 12/20 4.7it/s 2.7s     86/100      2.86G     0.8533      3.733     0.6189      1.224          0         18        640: 65% ━━━━━━━╸──── 13/20 4.6it/s 2.9s     86/100      2.86G     0.8575      3.718     0.6152      1.218          0         17        640: 70% ━━━━━━━━──── 14/20 4.5it/s 3.2s     86/100      2.86G     0.8573      3.709     0.6228      1.207          0         26        640: 75% ━━━━━━━━━─── 15/20 4.5it/s 3.4s     86/100      2.86G     0.8561      3.714     0.6149      1.214          0         22        640: 80% ━━━━━━━━━╸── 16/20 4.6it/s 3.6s     86/100      2.86G     0.8611      3.708     0.6195      1.211          0         20        640: 85% ━━━━━━━━━━── 17/20 4.7it/s 3.8s     86/100      2.86G     0.8511      3.719     0.6201      1.202          0         17        640: 90% ━━━━━━━━━━╸─ 18/20 4.7it/s 4.0s     86/100      2.86G     0.8635      3.695     0.6334      1.205          0          3        640: 100% ━━━━━━━━━━━━ 20/20 4.9it/s 4.1s
                 Class     Images  Instances      Box(P          R      mAP50  mAP50-95)     Mask(P          R      mAP50  mAP50-95): 50                 Class     Images  Instances      Box(P          R      mAP50  mAP50-95)     Mask(P          R      mAP50  mAP50-95): 100% ━━━━━━━━━━━━ 2/2 7.4it/s 0.3s
                   all         17         17      0.672      0.882      0.846       0.67          0          0          0          0    

      Epoch    GPU_mem   box_loss   seg_loss   cls_loss   dfl_loss   sem_loss  Instances       Size
     87/100      2.86G     0.7675      3.874     0.6689      1.203          0         23        640: 5% ╸─────────── 1/20 1.5it/s 0.4s<1     87/100      2.86G     0.6975      3.894     0.5927      1.142          0         22        640: 10% ━─────────── 2/20 2.4it/s 0.6s<     87/100      2.86G     0.6892      3.849     0.5969      1.135          0         18        640: 15% ━╸────────── 3/20 3.2it/s 0.8s<     87/100      2.86G     0.7634      3.878     0.6311      1.167          0         23        640: 20% ━━────────── 4/20 3.7it/s 1.0s<     87/100      2.86G     0.7692      3.883     0.6091      1.176          0         19        640: 25% ━━━───────── 5/20 4.0it/s 1.2s<     87/100      2.86G     0.7937      3.868     0.6127      1.191          0         21        640: 30% ━━━╸──────── 6/20 4.3it/s 1.4s<     87/100      2.86G     0.7778      3.863     0.5991      1.183          0         23        640: 35% ━━━━──────── 7/20 4.5it/s 1.6s<     87/100      2.86G     0.7638      3.881     0.5863      1.174          0         23        640: 40% ━━━━╸─────── 8/20 4.6it/s 1.8s<     87/100      2.86G     0.7649      3.886     0.6056      1.172          0         21        640: 45% ━━━━━─────── 9/20 4.6it/s 2.1s<     87/100      2.86G     0.7576      3.868     0.5933      1.167          0         20        640: 50% ━━━━━━────── 10/20 4.5it/s 2.3s     87/100      2.86G      0.756      3.829      0.592      1.158          0         18        640: 55% ━━━━━━╸───── 11/20 4.6it/s 2.5s     87/100      2.86G     0.7777      3.801     0.5943      1.163          0         27        640: 60% ━━━━━━━───── 12/20 4.6it/s 2.7s     87/100      2.86G     0.7762      3.792      0.588       1.16          0         19        640: 65% ━━━━━━━╸──── 13/20 4.6it/s 2.9s     87/100      2.86G     0.7713        3.8     0.5855      1.152          0         17        640: 70% ━━━━━━━━──── 14/20 4.6it/s 3.1s     87/100      2.86G      0.787      3.777     0.5874       1.16          0         19        640: 75% ━━━━━━━━━─── 15/20 4.6it/s 3.4s     87/100      2.86G     0.7796      3.779     0.5892      1.149          0         22        640: 80% ━━━━━━━━━╸── 16/20 4.6it/s 3.6s     87/100      2.86G     0.7685      3.778     0.5883      1.143          0         17        640: 85% ━━━━━━━━━━── 17/20 4.6it/s 3.8s     87/100      2.86G     0.7751      3.762     0.5952      1.145          0         15        640: 90% ━━━━━━━━━━╸─ 18/20 4.5it/s 4.0s     87/100      2.86G     0.7795       3.76     0.6117      1.144          0          4        640: 100% ━━━━━━━━━━━━ 20/20 4.9it/s 4.1s
                 Class     Images  Instances      Box(P          R      mAP50  mAP50-95)     Mask(P          R      mAP50  mAP50-95): 50                 Class     Images  Instances      Box(P          R      mAP50  mAP50-95)     Mask(P          R      mAP50  mAP50-95): 100% ━━━━━━━━━━━━ 2/2 8.1it/s 0.2s
                   all         17         17      0.837      0.765      0.896      0.658          0          0          0          0    

      Epoch    GPU_mem   box_loss   seg_loss   cls_loss   dfl_loss   sem_loss  Instances       Size
     88/100      2.86G     0.9368       3.92     0.7208      1.216          0         21        640: 5% ╸─────────── 1/20 1.5it/s 0.4s<1     88/100      2.86G     0.9006      3.766     0.7126      1.163          0         21        640: 10% ━─────────── 2/20 2.6it/s 0.6s<     88/100      2.86G     0.9156      3.735     0.7279      1.187          0         20        640: 15% ━╸────────── 3/20 3.3it/s 0.8s<     88/100      2.86G     0.8774       3.73     0.6826       1.18          0         16        640: 20% ━━────────── 4/20 3.7it/s 1.0s<     88/100      2.86G     0.8954      3.751     0.6979      1.194          0         19        640: 25% ━━━───────── 5/20 4.1it/s 1.2s<     88/100      2.86G     0.8961      3.779     0.7013        1.2          0         23        640: 30% ━━━╸──────── 6/20 4.2it/s 1.4s<     88/100      2.86G     0.8548      3.741     0.6685      1.175          0         24        640: 35% ━━━━──────── 7/20 4.3it/s 1.7s<     88/100      2.86G     0.8233      3.745     0.6449      1.162          0         16        640: 40% ━━━━╸─────── 8/20 4.3it/s 1.9s<     88/100      2.86G     0.8138      3.761     0.6405      1.168          0         17        640: 45% ━━━━━─────── 9/20 4.5it/s 2.1s<     88/100      2.86G     0.7992       3.75     0.6387      1.161          0         23        640: 50% ━━━━━━────── 10/20 4.5it/s 2.3s     88/100      2.86G     0.7848      3.749     0.6309      1.156          0         25        640: 55% ━━━━━━╸───── 11/20 4.6it/s 2.5s     88/100      2.86G     0.7738      3.742     0.6145      1.144          0         23        640: 60% ━━━━━━━───── 12/20 4.6it/s 2.7s     88/100      2.86G     0.7697      3.756     0.6133       1.14          0         21        640: 65% ━━━━━━━╸──── 13/20 4.6it/s 2.9s     88/100      2.86G     0.7682      3.796     0.6127      1.138          0         20        640: 70% ━━━━━━━━──── 14/20 4.5it/s 3.2s     88/100      2.86G     0.7725       3.79     0.6105      1.137          0         23        640: 75% ━━━━━━━━━─── 15/20 4.6it/s 3.4s     88/100      2.86G     0.7744      3.797     0.6073      1.144          0         17        640: 80% ━━━━━━━━━╸── 16/20 4.7it/s 3.6s     88/100      2.86G      0.772      3.778     0.6167      1.145          0         16        640: 85% ━━━━━━━━━━── 17/20 4.7it/s 3.8s     88/100      2.86G     0.7749      3.788     0.6189      1.156          0         18        640: 90% ━━━━━━━━━━╸─ 18/20 4.8it/s 4.0s     88/100      2.86G     0.7674      3.785     0.6252      1.147          0          4        640: 100% ━━━━━━━━━━━━ 20/20 4.9it/s 4.1s
                 Class     Images  Instances      Box(P          R      mAP50  mAP50-95)     Mask(P          R      mAP50  mAP50-95): 50                 Class     Images  Instances      Box(P          R      mAP50  mAP50-95)     Mask(P          R      mAP50  mAP50-95): 100% ━━━━━━━━━━━━ 2/2 7.6it/s 0.3s
                   all         17         17      0.831      0.941      0.915      0.634          0          0          0          0    

      Epoch    GPU_mem   box_loss   seg_loss   cls_loss   dfl_loss   sem_loss  Instances       Size
     89/100      2.86G     0.7772      3.554     0.6839      1.189          0         21        640: 5% ╸─────────── 1/20 1.5it/s 0.4s<1     89/100      2.86G     0.7549      3.608     0.6469      1.135          0         25        640: 10% ━─────────── 2/20 2.4it/s 0.6s<     89/100      2.86G     0.8032      3.631     0.6545      1.194          0         15        640: 15% ━╸────────── 3/20 3.1it/s 0.8s<     89/100      2.86G     0.8046      3.737     0.6344      1.208          0         17        640: 20% ━━────────── 4/20 3.7it/s 1.0s<     89/100      2.86G      0.835      3.697     0.6616      1.209          0         20        640: 25% ━━━───────── 5/20 4.0it/s 1.2s<     89/100      2.86G     0.7995      3.731     0.6413       1.19          0         20        640: 30% ━━━╸──────── 6/20 4.3it/s 1.4s<     89/100      2.86G     0.8119      3.699     0.6523      1.204          0         17        640: 35% ━━━━──────── 7/20 4.5it/s 1.6s<     89/100      2.86G     0.7971      3.723     0.6273      1.185          0         25        640: 40% ━━━━╸─────── 8/20 4.6it/s 1.8s<     89/100      2.86G     0.8049      3.735     0.6342      1.193          0         18        640: 45% ━━━━━─────── 9/20 4.6it/s 2.1s<     89/100      2.86G     0.7927      3.736     0.6215       1.18          0         25        640: 50% ━━━━━━────── 10/20 4.5it/s 2.3s     89/100      2.86G     0.8234      3.751     0.6263      1.193          0         23        640: 55% ━━━━━━╸───── 11/20 4.5it/s 2.5s     89/100      2.86G     0.8101      3.769     0.6131      1.189          0         16        640: 60% ━━━━━━━───── 12/20 4.6it/s 2.7s     89/100      2.86G     0.8135      3.759     0.6077       1.19          0         20        640: 65% ━━━━━━━╸──── 13/20 4.6it/s 2.9s     89/100      2.86G     0.8083      3.769     0.5996      1.185          0         25        640: 70% ━━━━━━━━──── 14/20 4.7it/s 3.2s     89/100      2.86G     0.8048      3.771     0.5934      1.178          0         22        640: 75% ━━━━━━━━━─── 15/20 4.7it/s 3.4s     89/100      2.86G     0.8093      3.749     0.5957       1.18          0         17        640: 80% ━━━━━━━━━╸── 16/20 4.7it/s 3.6s     89/100      2.86G     0.8095      3.744     0.5922      1.182          0         15        640: 85% ━━━━━━━━━━── 17/20 4.6it/s 3.8s     89/100      2.86G     0.8175      3.715      0.593      1.191          0         19        640: 90% ━━━━━━━━━━╸─ 18/20 4.5it/s 4.0s     89/100      2.86G     0.8319      3.725     0.6637      1.185          0          1        640: 100% ━━━━━━━━━━━━ 20/20 4.9it/s 4.1s
                 Class     Images  Instances      Box(P          R      mAP50  mAP50-95)     Mask(P          R      mAP50  mAP50-95): 50                 Class     Images  Instances      Box(P          R      mAP50  mAP50-95)     Mask(P          R      mAP50  mAP50-95): 100% ━━━━━━━━━━━━ 2/2 7.6it/s 0.3s
                   all         17         17      0.797      0.882      0.889      0.593          0          0          0          0    

      Epoch    GPU_mem   box_loss   seg_loss   cls_loss   dfl_loss   sem_loss  Instances       Size
     90/100      2.86G     0.6144      3.631     0.4972      1.072          0         22        640: 5% ╸─────────── 1/20 1.5it/s 0.4s<1     90/100      2.86G     0.6387      3.714     0.4769      1.088          0         21        640: 10% ━─────────── 2/20 2.5it/s 0.6s<     90/100      2.86G      0.691      3.654     0.5045      1.084          0         24        640: 15% ━╸────────── 3/20 3.3it/s 0.8s<     90/100      2.86G     0.7292      3.638     0.5345      1.099          0         26        640: 20% ━━────────── 4/20 3.8it/s 1.0s<     90/100      2.86G     0.7231      3.656     0.5312      1.111          0         19        640: 25% ━━━───────── 5/20 4.2it/s 1.2s<     90/100      2.86G     0.7447       3.69     0.5641      1.137          0         14        640: 30% ━━━╸──────── 6/20 4.3it/s 1.4s<     90/100      2.86G     0.7442      3.706     0.5561      1.135          0         20        640: 35% ━━━━──────── 7/20 4.4it/s 1.6s<     90/100      2.86G     0.7573      3.704     0.5789      1.146          0         20        640: 40% ━━━━╸─────── 8/20 4.5it/s 1.8s<     90/100      2.86G     0.7649      3.673      0.579      1.141          0         21        640: 45% ━━━━━─────── 9/20 4.6it/s 2.1s<     90/100      2.86G      0.771      3.661     0.5738      1.138          0         25        640: 50% ━━━━━━────── 10/20 4.6it/s 2.3s     90/100      2.86G      0.769      3.666     0.5769      1.132          0         23        640: 55% ━━━━━━╸───── 11/20 4.6it/s 2.5s     90/100      2.86G     0.7574      3.656     0.5637      1.127          0         20        640: 60% ━━━━━━━───── 12/20 4.7it/s 2.7s     90/100      2.86G     0.7496      3.642     0.5621      1.119          0         21        640: 65% ━━━━━━━╸──── 13/20 4.7it/s 2.9s     90/100      2.86G     0.7408      3.634     0.5537       1.11          0         23        640: 70% ━━━━━━━━──── 14/20 4.6it/s 3.1s     90/100      2.86G      0.746      3.619     0.5548       1.11          0         23        640: 75% ━━━━━━━━━─── 15/20 4.6it/s 3.3s     90/100      2.86G     0.7652      3.657     0.5654      1.119          0         18        640: 80% ━━━━━━━━━╸── 16/20 4.6it/s 3.6s     90/100      2.86G     0.7656      3.658      0.576      1.116          0         20        640: 85% ━━━━━━━━━━── 17/20 4.7it/s 3.8s     90/100      2.86G     0.7658      3.655     0.5796      1.116          0         19        640: 90% ━━━━━━━━━━╸─ 18/20 4.7it/s 4.0s     90/100      2.86G     0.8292      3.674     0.5865      1.198          0          2        640: 100% ━━━━━━━━━━━━ 20/20 4.9it/s 4.0s
                 Class     Images  Instances      Box(P          R      mAP50  mAP50-95)     Mask(P          R      mAP50  mAP50-95): 50                 Class     Images  Instances      Box(P          R      mAP50  mAP50-95)     Mask(P          R      mAP50  mAP50-95): 100% ━━━━━━━━━━━━ 2/2 7.8it/s 0.3s
                   all         17         17      0.712      0.882      0.861      0.581          0          0          0          0    
Closing dataloader mosaic

      Epoch    GPU_mem   box_loss   seg_loss   cls_loss   dfl_loss   sem_loss  Instances       Size
     91/100      2.86G     0.7753      3.611     0.5692      1.192          0          8        640: 5% ╸─────────── 1/20 1.2it/s 0.4s<1     91/100      2.86G     0.6895      3.632     0.5101      1.107          0          8        640: 10% ━─────────── 2/20 2.0it/s 0.7s<     91/100      2.86G     0.7225      3.626     0.5842      1.187          0          8        640: 15% ━╸────────── 3/20 2.6it/s 1.0s<     91/100      2.86G     0.7996       3.85     0.7196      1.294          0          8        640: 20% ━━────────── 4/20 3.3it/s 1.2s<     91/100      2.86G      0.769      3.782     0.6871      1.276          0          8        640: 25% ━━━───────── 5/20 3.8it/s 1.4s<     91/100      2.86G      0.728      3.805     0.6775      1.251          0          8        640: 30% ━━━╸──────── 6/20 4.2it/s 1.5s<     91/100      2.86G     0.7161      3.782     0.6661      1.245          0          8        640: 35% ━━━━──────── 7/20 4.4it/s 1.7s<     91/100      2.86G     0.7112      3.712     0.6529      1.235          0          8        640: 40% ━━━━╸─────── 8/20 4.7it/s 1.9s<     91/100      2.86G     0.7028      3.706     0.6288      1.211          0          8        640: 45% ━━━━━─────── 9/20 4.8it/s 2.1s<     91/100      2.86G     0.6958      3.692     0.6168      1.215          0          8        640: 50% ━━━━━━────── 10/20 4.7it/s 2.4s     91/100      2.86G      0.686      3.696     0.6097      1.208          0          8        640: 55% ━━━━━━╸───── 11/20 4.7it/s 2.6s     91/100      2.86G     0.6907       3.73     0.6013      1.209          0          8        640: 60% ━━━━━━━───── 12/20 4.8it/s 2.8s     91/100      2.86G     0.6857      3.718      0.621      1.207          0          8        640: 65% ━━━━━━━╸──── 13/20 4.9it/s 3.0s     91/100      2.86G     0.6803      3.707      0.625      1.202          0          8        640: 70% ━━━━━━━━──── 14/20 4.9it/s 3.2s     91/100      2.86G     0.6825      3.706     0.6336      1.201          0          8        640: 75% ━━━━━━━━━─── 15/20 4.9it/s 3.4s     91/100      2.86G     0.6905      3.712     0.6249      1.206          0          8        640: 80% ━━━━━━━━━╸── 16/20 5.0it/s 3.6s     91/100      2.86G      0.693      3.706     0.6512      1.205          0          8        640: 85% ━━━━━━━━━━── 17/20 5.0it/s 3.8s     91/100      2.86G      0.679      3.678     0.6419       1.19          0          8        640: 90% ━━━━━━━━━━╸─ 18/20 4.8it/s 4.0s     91/100      2.86G     0.6626       3.63     0.6295      1.178          0          1        640: 100% ━━━━━━━━━━━━ 20/20 4.9it/s 4.0s
                 Class     Images  Instances      Box(P          R      mAP50  mAP50-95)     Mask(P          R      mAP50  mAP50-95): 50                 Class     Images  Instances      Box(P          R      mAP50  mAP50-95)     Mask(P          R      mAP50  mAP50-95): 100% ━━━━━━━━━━━━ 2/2 7.9it/s 0.3s
                   all         17         17      0.716      0.941      0.842      0.583          0          0          0          0    

      Epoch    GPU_mem   box_loss   seg_loss   cls_loss   dfl_loss   sem_loss  Instances       Size
     92/100      2.86G     0.6827      3.655     0.5241       1.16          0          8        640: 5% ╸─────────── 1/20 1.6it/s 0.4s<1     92/100      2.86G     0.6645      3.796      0.577       1.17          0          8        640: 10% ━─────────── 2/20 2.6it/s 0.6s<     92/100      2.86G      0.673      3.766     0.5636       1.17          0          8        640: 15% ━╸────────── 3/20 3.3it/s 0.8s<     92/100      2.86G     0.6504      3.628     0.5527      1.135          0          8        640: 20% ━━────────── 4/20 3.9it/s 1.0s<     92/100      2.86G     0.6581      3.636     0.5316      1.156          0          8        640: 25% ━━━───────── 5/20 4.2it/s 1.2s<     92/100      2.86G     0.6666      3.633     0.5244      1.161          0          8        640: 30% ━━━╸──────── 6/20 4.3it/s 1.4s<     92/100      2.86G     0.6522      3.614     0.5126      1.144          0          8        640: 35% ━━━━──────── 7/20 4.6it/s 1.6s<     92/100      2.86G     0.6659      3.608     0.5324      1.174          0          8        640: 40% ━━━━╸─────── 8/20 4.7it/s 1.8s<     92/100      2.86G     0.6678      3.625     0.5557      1.183          0          8        640: 45% ━━━━━─────── 9/20 4.8it/s 2.0s<     92/100      2.86G     0.6525      3.587     0.5568      1.178          0          8        640: 50% ━━━━━━────── 10/20 4.9it/s 2.2s     92/100      2.86G     0.6543      3.576     0.5482      1.173          0          8        640: 55% ━━━━━━╸───── 11/20 5.0it/s 2.4s     92/100      2.86G     0.6461       3.57     0.5442      1.166          0          8        640: 60% ━━━━━━━───── 12/20 5.0it/s 2.6s     92/100      2.86G     0.6362      3.541     0.5396      1.163          0          8        640: 65% ━━━━━━━╸──── 13/20 4.9it/s 2.8s     92/100      2.86G     0.6311      3.516      0.534      1.151          0          8        640: 70% ━━━━━━━━──── 14/20 4.8it/s 3.0s     92/100      2.86G       0.63      3.533     0.5404      1.152          0          8        640: 75% ━━━━━━━━━─── 15/20 4.9it/s 3.2s     92/100      2.86G     0.6236      3.555      0.536      1.155          0          8        640: 80% ━━━━━━━━━╸── 16/20 4.8it/s 3.4s     92/100      2.86G     0.6285      3.531      0.536      1.156          0          8        640: 85% ━━━━━━━━━━── 17/20 4.9it/s 3.6s     92/100      2.86G     0.6243      3.529     0.5326      1.151          0          8        640: 90% ━━━━━━━━━━╸─ 18/20 4.9it/s 3.8s     92/100      2.86G     0.6295      3.577     0.5296       1.17          0          1        640: 100% ━━━━━━━━━━━━ 20/20 5.2it/s 3.9s
                 Class     Images  Instances      Box(P          R      mAP50  mAP50-95)     Mask(P          R      mAP50  mAP50-95): 50                 Class     Images  Instances      Box(P          R      mAP50  mAP50-95)     Mask(P          R      mAP50  mAP50-95): 100% ━━━━━━━━━━━━ 2/2 7.9it/s 0.3s
                   all         17         17      0.759      0.941      0.857      0.626          0          0          0          0    

      Epoch    GPU_mem   box_loss   seg_loss   cls_loss   dfl_loss   sem_loss  Instances       Size
     93/100      2.86G     0.6198      3.555     0.5282      1.108          0          8        640: 5% ╸─────────── 1/20 1.5it/s 0.4s<1     93/100      2.86G     0.5646      3.545     0.5602      1.121          0          8        640: 10% ━─────────── 2/20 2.5it/s 0.6s<     93/100      2.86G     0.5685       3.51     0.5537       1.11          0          8        640: 15% ━╸────────── 3/20 3.4it/s 0.8s<     93/100      2.86G      0.596      3.496     0.5432      1.086          0          8        640: 20% ━━────────── 4/20 3.9it/s 1.0s<     93/100      2.86G     0.5859      3.471     0.5321      1.082          0          8        640: 25% ━━━───────── 5/20 4.2it/s 1.2s<     93/100      2.86G     0.5962      3.496     0.5412       1.06          0          8        640: 30% ━━━╸──────── 6/20 4.4it/s 1.4s<     93/100      2.86G     0.5814      3.489     0.5256      1.048          0          8        640: 35% ━━━━──────── 7/20 4.6it/s 1.6s<     93/100      2.86G     0.5713      3.553     0.5416      1.061          0          8        640: 40% ━━━━╸─────── 8/20 4.8it/s 1.8s<     93/100      2.86G     0.5748      3.521     0.5274      1.058          0          8        640: 45% ━━━━━─────── 9/20 4.9it/s 2.0s<     93/100      2.86G     0.5675      3.539     0.5136      1.049          0          8        640: 50% ━━━━━━────── 10/20 4.8it/s 2.2s     93/100      2.86G     0.5581      3.543      0.504      1.049          0          8        640: 55% ━━━━━━╸───── 11/20 4.8it/s 2.4s     93/100      2.86G     0.5551      3.526     0.5027      1.049          0          8        640: 60% ━━━━━━━───── 12/20 4.9it/s 2.6s     93/100      2.86G     0.5705      3.529     0.5079       1.06          0          8        640: 65% ━━━━━━━╸──── 13/20 4.9it/s 2.8s     93/100      2.86G     0.5642      3.512     0.5068      1.067          0          8        640: 70% ━━━━━━━━──── 14/20 4.8it/s 3.0s     93/100      2.86G      0.565      3.496     0.5016      1.072          0          8        640: 75% ━━━━━━━━━─── 15/20 4.9it/s 3.2s     93/100      2.86G     0.5618      3.473     0.4982      1.062          0          8        640: 80% ━━━━━━━━━╸── 16/20 5.0it/s 3.4s     93/100      2.86G     0.5611      3.458     0.4923       1.06          0          8        640: 85% ━━━━━━━━━━── 17/20 5.0it/s 3.6s     93/100      2.86G     0.5596      3.463     0.4902      1.061          0          8        640: 90% ━━━━━━━━━━╸─ 18/20 4.9it/s 3.8s     93/100      2.86G     0.5507        3.5     0.4814      1.058          0          1        640: 100% ━━━━━━━━━━━━ 20/20 5.2it/s 3.9s
                 Class     Images  Instances      Box(P          R      mAP50  mAP50-95)     Mask(P          R      mAP50  mAP50-95): 50                 Class     Images  Instances      Box(P          R      mAP50  mAP50-95)     Mask(P          R      mAP50  mAP50-95): 100% ━━━━━━━━━━━━ 2/2 7.7it/s 0.3s
                   all         17         17      0.725      0.931      0.847      0.632          0          0          0          0    

      Epoch    GPU_mem   box_loss   seg_loss   cls_loss   dfl_loss   sem_loss  Instances       Size
     94/100      2.86G     0.5357      3.175     0.4661      1.012          0          8        640: 5% ╸─────────── 1/20 1.6it/s 0.4s<1     94/100      2.86G     0.5241       3.31     0.4721      1.056          0          8        640: 10% ━─────────── 2/20 2.6it/s 0.6s<     94/100      2.86G     0.5608      3.354     0.5143      1.091          0          8        640: 15% ━╸────────── 3/20 3.4it/s 0.8s<     94/100      2.86G     0.5767       3.48     0.5234      1.131          0          8        640: 20% ━━────────── 4/20 3.9it/s 1.0s<     94/100      2.86G     0.5447      3.494      0.511        1.1          0          8        640: 25% ━━━───────── 5/20 4.2it/s 1.2s<     94/100      2.86G      0.568        3.5     0.5097      1.123          0          8        640: 30% ━━━╸──────── 6/20 4.3it/s 1.4s<     94/100      2.86G      0.556      3.511     0.4962      1.104          0          8        640: 35% ━━━━──────── 7/20 4.5it/s 1.6s<     94/100      2.86G     0.5548      3.458     0.4919      1.094          0          8        640: 40% ━━━━╸─────── 8/20 4.7it/s 1.8s<     94/100      2.86G     0.5694       3.47     0.4946        1.1          0          8        640: 45% ━━━━━─────── 9/20 4.7it/s 2.0s<     94/100      2.86G     0.5663       3.44     0.4955        1.1          0          8        640: 50% ━━━━━━────── 10/20 4.8it/s 2.2s     94/100      2.86G     0.5897       3.43      0.496      1.121          0          8        640: 55% ━━━━━━╸───── 11/20 4.8it/s 2.4s     94/100      2.86G     0.5723      3.419     0.4847      1.104          0          8        640: 60% ━━━━━━━───── 12/20 4.8it/s 2.6s     94/100      2.86G     0.5745      3.421     0.4803      1.099          0          8        640: 65% ━━━━━━━╸──── 13/20 4.9it/s 2.8s     94/100      2.86G     0.5848       3.42     0.4796      1.113          0          8        640: 70% ━━━━━━━━──── 14/20 4.8it/s 3.0s     94/100      2.86G     0.5811      3.416     0.4766      1.103          0          8        640: 75% ━━━━━━━━━─── 15/20 4.9it/s 3.2s     94/100      2.86G     0.5843       3.42     0.4782      1.108          0          8        640: 80% ━━━━━━━━━╸── 16/20 4.9it/s 3.4s     94/100      2.86G     0.5805      3.435     0.4785      1.112          0          8        640: 85% ━━━━━━━━━━── 17/20 4.9it/s 3.6s     94/100      2.86G     0.5817      3.414     0.4746       1.11          0          8        640: 90% ━━━━━━━━━━╸─ 18/20 4.8it/s 3.8s     94/100      2.86G     0.6021      3.527     0.4847      1.145          0          1        640: 100% ━━━━━━━━━━━━ 20/20 5.1it/s 3.9s
                 Class     Images  Instances      Box(P          R      mAP50  mAP50-95)     Mask(P          R      mAP50  mAP50-95): 50                 Class     Images  Instances      Box(P          R      mAP50  mAP50-95)     Mask(P          R      mAP50  mAP50-95): 100% ━━━━━━━━━━━━ 2/2 8.0it/s 0.2s
                   all         17         17      0.758      0.941       0.85      0.645          0          0          0          0    

      Epoch    GPU_mem   box_loss   seg_loss   cls_loss   dfl_loss   sem_loss  Instances       Size
     95/100      2.86G     0.6442      3.393     0.4337      1.091          0          8        640: 5% ╸─────────── 1/20 1.5it/s 0.4s<1     95/100      2.86G     0.6282      3.395     0.4376       1.05          0          8        640: 10% ━─────────── 2/20 2.5it/s 0.6s<     95/100      2.86G     0.5908       3.44     0.4261      1.041          0          8        640: 15% ━╸────────── 3/20 3.3it/s 0.8s<     95/100      2.86G     0.5684      3.442      0.413      1.014          0          8        640: 20% ━━────────── 4/20 3.8it/s 1.0s<     95/100      2.86G     0.5686      3.435     0.4156      1.006          0          8        640: 25% ━━━───────── 5/20 4.3it/s 1.2s<     95/100      2.86G      0.559      3.446     0.4019      1.012          0          8        640: 30% ━━━╸──────── 6/20 4.5it/s 1.4s<     95/100      2.86G     0.5597      3.468     0.4085      1.043          0          8        640: 35% ━━━━──────── 7/20 4.7it/s 1.6s<     95/100      2.86G     0.5549      3.453     0.4083      1.034          0          8        640: 40% ━━━━╸─────── 8/20 4.8it/s 1.8s<     95/100      2.86G     0.5553      3.477     0.4098      1.052          0          8        640: 45% ━━━━━─────── 9/20 4.8it/s 2.0s<     95/100      2.86G     0.5561      3.449     0.4097      1.049          0          8        640: 50% ━━━━━━────── 10/20 4.7it/s 2.2s     95/100      2.86G     0.5585       3.44     0.4087      1.047          0          8        640: 55% ━━━━━━╸───── 11/20 4.8it/s 2.4s     95/100      2.86G      0.549      3.434     0.4077      1.048          0          8        640: 60% ━━━━━━━───── 12/20 4.9it/s 2.6s     95/100      2.86G     0.5429       3.46     0.4042      1.047          0          8        640: 65% ━━━━━━━╸──── 13/20 4.9it/s 2.8s     95/100      2.86G     0.5695      3.434     0.4221      1.063          0          8        640: 70% ━━━━━━━━──── 14/20 4.9it/s 3.0s     95/100      2.86G      0.564      3.435     0.4202      1.063          0          8        640: 75% ━━━━━━━━━─── 15/20 4.9it/s 3.2s     95/100      2.86G     0.5603      3.426     0.4196      1.065          0          8        640: 80% ━━━━━━━━━╸── 16/20 5.0it/s 3.4s     95/100      2.86G     0.5637      3.425     0.4196      1.075          0          8        640: 85% ━━━━━━━━━━── 17/20 5.0it/s 3.6s     95/100      2.86G     0.5664      3.442     0.4298       1.08          0          8        640: 90% ━━━━━━━━━━╸─ 18/20 4.8it/s 3.8s     95/100      2.86G     0.5639      3.393      0.449      1.065          0          1        640: 100% ━━━━━━━━━━━━ 20/20 5.1it/s 3.9s
                 Class     Images  Instances      Box(P          R      mAP50  mAP50-95)     Mask(P          R      mAP50  mAP50-95): 50                 Class     Images  Instances      Box(P          R      mAP50  mAP50-95)     Mask(P          R      mAP50  mAP50-95): 100% ━━━━━━━━━━━━ 2/2 7.8it/s 0.3s
                   all         17         17       0.77      0.941      0.888      0.642          0          0          0          0

      Epoch    GPU_mem   box_loss   seg_loss   cls_loss   dfl_loss   sem_loss  Instances       Size
     96/100      2.86G     0.4695       3.25     0.3777       1.02          0          8        640: 5% ╸─────────── 1/20 1.6it/s 0.4s<1     96/100      2.86G     0.5013      3.479     0.4439       1.04          0          8        640: 10% ━─────────── 2/20 2.7it/s 0.6s<     96/100      2.86G     0.4765      3.492     0.4304      1.033          0          8        640: 15% ━╸────────── 3/20 3.3it/s 0.8s<     96/100      2.86G     0.4782      3.597     0.4299      1.028          0          8        640: 20% ━━────────── 4/20 3.9it/s 1.0s<     96/100      2.86G     0.4841      3.629     0.4237      1.037          0          8        640: 25% ━━━───────── 5/20 4.2it/s 1.2s<     96/100      2.86G     0.4694      3.557     0.4167      1.029          0          8        640: 30% ━━━╸──────── 6/20 4.3it/s 1.4s<     96/100      2.86G     0.4772      3.479     0.4234       1.03          0          8        640: 35% ━━━━──────── 7/20 4.6it/s 1.6s<     96/100      2.86G     0.4803      3.455     0.4282      1.035          0          8        640: 40% ━━━━╸─────── 8/20 4.8it/s 1.8s<     96/100      2.86G     0.4859      3.486     0.4274      1.048          0          8        640: 45% ━━━━━─────── 9/20 4.8it/s 2.0s<     96/100      2.86G     0.4855      3.472     0.4235      1.038          0          8        640: 50% ━━━━━━────── 10/20 4.9it/s 2.2s     96/100      2.86G     0.4941      3.485     0.4228      1.048          0          8        640: 55% ━━━━━━╸───── 11/20 5.0it/s 2.4s     96/100      2.86G     0.5193       3.46     0.4363      1.064          0          8        640: 60% ━━━━━━━───── 12/20 4.9it/s 2.6s     96/100      2.86G     0.5167      3.481     0.4358       1.07          0          8        640: 65% ━━━━━━━╸──── 13/20 4.9it/s 2.8s     96/100      2.86G     0.5188      3.484     0.4388      1.058          0          8        640: 70% ━━━━━━━━──── 14/20 4.8it/s 3.0s     96/100      2.86G     0.5182      3.488     0.4391       1.06          0          8        640: 75% ━━━━━━━━━─── 15/20 4.8it/s 3.2s     96/100      2.86G     0.5156      3.469     0.4369       1.05          0          8        640: 80% ━━━━━━━━━╸── 16/20 4.8it/s 3.4s     96/100      2.86G     0.5123      3.485     0.4371      1.056          0          8        640: 85% ━━━━━━━━━━── 17/20 4.9it/s 3.6s     96/100      2.86G     0.5129       3.48     0.4342      1.056          0          8        640: 90% ━━━━━━━━━━╸─ 18/20 4.9it/s 3.8s     96/100      2.86G     0.5098      3.483     0.4251      1.053          0          1        640: 100% ━━━━━━━━━━━━ 20/20 5.2it/s 3.9s
                 Class     Images  Instances      Box(P          R      mAP50  mAP50-95)     Mask(P          R      mAP50  mAP50-95): 50                 Class     Images  Instances      Box(P          R      mAP50  mAP50-95)     Mask(P          R      mAP50  mAP50-95): 100% ━━━━━━━━━━━━ 2/2 8.0it/s 0.3s
                   all         17         17       0.79      0.941      0.879      0.641          0          0          0          0    

      Epoch    GPU_mem   box_loss   seg_loss   cls_loss   dfl_loss   sem_loss  Instances       Size
     97/100      2.86G     0.5126      3.248      0.397      1.006          0          8        640: 5% ╸─────────── 1/20 1.6it/s 0.4s<1     97/100      2.86G     0.5238      3.296     0.4146      1.057          0          8        640: 10% ━─────────── 2/20 2.5it/s 0.6s<     97/100      2.86G     0.5645      3.281      0.447      1.049          0          8        640: 15% ━╸────────── 3/20 3.3it/s 0.8s<     97/100      2.86G     0.5535      3.305     0.4349      1.032          0          8        640: 20% ━━────────── 4/20 3.9it/s 1.0s<     97/100      2.86G     0.5387      3.322      0.431      1.035          0          8        640: 25% ━━━───────── 5/20 4.3it/s 1.2s<     97/100      2.86G     0.5469      3.322     0.4328      1.038          0          8        640: 30% ━━━╸──────── 6/20 4.6it/s 1.4s<     97/100      2.86G     0.5482      3.303      0.433      1.035          0          8        640: 35% ━━━━──────── 7/20 4.8it/s 1.5s<     97/100      2.86G     0.5419      3.335     0.4296      1.039          0          8        640: 40% ━━━━╸─────── 8/20 4.8it/s 1.7s<     97/100      2.86G     0.5363      3.331     0.4267      1.041          0          8        640: 45% ━━━━━─────── 9/20 4.8it/s 2.0s<     97/100      2.86G     0.5363      3.395      0.426      1.054          0          8        640: 50% ━━━━━━────── 10/20 4.7it/s 2.2s     97/100      2.86G     0.5342      3.372     0.4235      1.053          0          8        640: 55% ━━━━━━╸───── 11/20 4.8it/s 2.4s     97/100      2.86G     0.5382      3.395     0.4235      1.066          0          8        640: 60% ━━━━━━━───── 12/20 4.9it/s 2.6s     97/100      2.86G     0.5329      3.411      0.419      1.066          0          8        640: 65% ━━━━━━━╸──── 13/20 4.9it/s 2.8s     97/100      2.86G     0.5302      3.418     0.4219      1.064          0          8        640: 70% ━━━━━━━━──── 14/20 4.9it/s 3.0s     97/100      2.86G     0.5347       3.42     0.4241      1.073          0          8        640: 75% ━━━━━━━━━─── 15/20 4.8it/s 3.2s     97/100      2.86G     0.5525      3.422     0.4306      1.071          0          8        640: 80% ━━━━━━━━━╸── 16/20 4.9it/s 3.4s     97/100      2.86G     0.5504      3.409     0.4284      1.072          0          8        640: 85% ━━━━━━━━━━── 17/20 4.9it/s 3.6s     97/100      2.86G      0.553      3.402     0.4296      1.082          0          8        640: 90% ━━━━━━━━━━╸─ 18/20 4.8it/s 3.8s     97/100      2.86G      0.578      3.525     0.4393      1.101          0          1        640: 100% ━━━━━━━━━━━━ 20/20 5.2it/s 3.9s
                 Class     Images  Instances      Box(P          R      mAP50  mAP50-95)     Mask(P          R      mAP50  mAP50-95): 50                 Class     Images  Instances      Box(P          R      mAP50  mAP50-95)     Mask(P          R      mAP50  mAP50-95): 100% ━━━━━━━━━━━━ 2/2 7.9it/s 0.3s
                   all         17         17      0.828      0.941      0.897      0.683          0          0          0          0    

      Epoch    GPU_mem   box_loss   seg_loss   cls_loss   dfl_loss   sem_loss  Instances       Size
     98/100      2.86G     0.5726      3.431      0.445      1.015          0          8        640: 5% ╸─────────── 1/20 1.6it/s 0.4s<1     98/100      2.86G     0.6319      3.447     0.4826      1.103          0          8        640: 10% ━─────────── 2/20 2.7it/s 0.6s<     98/100      2.86G     0.6292      3.411     0.5395      1.074          0          8        640: 15% ━╸────────── 3/20 3.5it/s 0.7s<     98/100      2.86G     0.6078      3.447     0.5026      1.062          0          8        640: 20% ━━────────── 4/20 3.9it/s 0.9s<     98/100      2.86G     0.6027      3.401     0.4886      1.046          0          8        640: 25% ━━━───────── 5/20 4.3it/s 1.1s<     98/100      2.86G     0.5818      3.404     0.4701      1.033          0          8        640: 30% ━━━╸──────── 6/20 4.3it/s 1.4s<     98/100      2.86G     0.5815      3.417     0.4632      1.028          0          8        640: 35% ━━━━──────── 7/20 4.5it/s 1.6s<     98/100      2.86G     0.5853      3.398     0.4633      1.029          0          8        640: 40% ━━━━╸─────── 8/20 4.7it/s 1.8s<     98/100      2.86G     0.5742      3.411     0.4539      1.025          0          8        640: 45% ━━━━━─────── 9/20 4.8it/s 2.0s<     98/100      2.86G     0.5529      3.412     0.4382      1.016          0          8        640: 50% ━━━━━━────── 10/20 4.9it/s 2.2s     98/100      2.86G      0.553      3.408      0.432      1.022          0          8        640: 55% ━━━━━━╸───── 11/20 4.9it/s 2.4s     98/100      2.86G     0.5494      3.385     0.4287      1.026          0          8        640: 60% ━━━━━━━───── 12/20 4.9it/s 2.6s     98/100      2.86G     0.5415      3.377     0.4294      1.015          0          8        640: 65% ━━━━━━━╸──── 13/20 5.0it/s 2.8s     98/100      2.86G     0.5354      3.364     0.4268      1.016          0          8        640: 70% ━━━━━━━━──── 14/20 4.9it/s 3.0s     98/100      2.86G     0.5402      3.411     0.4344      1.042          0          8        640: 75% ━━━━━━━━━─── 15/20 4.9it/s 3.2s     98/100      2.86G     0.5422      3.407     0.4399      1.047          0          8        640: 80% ━━━━━━━━━╸── 16/20 4.9it/s 3.4s     98/100      2.86G     0.5367      3.407     0.4358      1.041          0          8        640: 85% ━━━━━━━━━━── 17/20 4.8it/s 3.6s     98/100      2.86G     0.5382      3.423      0.436      1.044          0          8        640: 90% ━━━━━━━━━━╸─ 18/20 4.8it/s 3.8s     98/100      2.86G     0.5513      3.424     0.4389      1.052          0          1        640: 100% ━━━━━━━━━━━━ 20/20 5.2it/s 3.9s
                 Class     Images  Instances      Box(P          R      mAP50  mAP50-95)     Mask(P          R      mAP50  mAP50-95): 50                 Class     Images  Instances      Box(P          R      mAP50  mAP50-95)     Mask(P          R      mAP50  mAP50-95): 100% ━━━━━━━━━━━━ 2/2 7.9it/s 0.3s
                   all         17         17      0.839      0.923      0.902      0.684          0          0          0          0    

      Epoch    GPU_mem   box_loss   seg_loss   cls_loss   dfl_loss   sem_loss  Instances       Size
     99/100      2.86G      0.552       3.07     0.3909      1.084          0          8        640: 5% ╸─────────── 1/20 1.6it/s 0.4s<1     99/100      2.86G     0.5208      3.226     0.3991      1.049          0          8        640: 10% ━─────────── 2/20 2.5it/s 0.6s<     99/100      2.86G     0.5182      3.365     0.4198      1.054          0          8        640: 15% ━╸────────── 3/20 3.3it/s 0.8s<     99/100      2.86G     0.5415      3.372     0.4246      1.062          0          8        640: 20% ━━────────── 4/20 3.9it/s 1.0s<     99/100      2.86G     0.5354      3.385     0.4235      1.059          0          8        640: 25% ━━━───────── 5/20 4.3it/s 1.2s<     99/100      2.86G      0.523      3.349     0.4119      1.051          0          8        640: 30% ━━━╸──────── 6/20 4.5it/s 1.4s<     99/100      2.86G     0.5238      3.323     0.4134       1.04          0          8        640: 35% ━━━━──────── 7/20 4.7it/s 1.6s<     99/100      2.86G     0.5243      3.359     0.4235       1.06          0          8        640: 40% ━━━━╸─────── 8/20 4.7it/s 1.8s<     99/100      2.86G     0.5114      3.377     0.4182      1.052          0          8        640: 45% ━━━━━─────── 9/20 4.8it/s 2.0s<     99/100      2.86G     0.5243      3.366     0.4181      1.062          0          8        640: 50% ━━━━━━────── 10/20 4.7it/s 2.2s     99/100      2.86G     0.5219      3.365     0.4131      1.063          0          8        640: 55% ━━━━━━╸───── 11/20 4.8it/s 2.4s     99/100      2.86G      0.509      3.349     0.4047      1.052          0          8        640: 60% ━━━━━━━───── 12/20 4.9it/s 2.6s     99/100      2.86G     0.5063      3.341     0.4062      1.057          0          8        640: 65% ━━━━━━━╸──── 13/20 4.9it/s 2.8s     99/100      2.86G     0.5184      3.372     0.4156      1.077          0          8        640: 70% ━━━━━━━━──── 14/20 4.9it/s 3.0s     99/100      2.86G     0.5161      3.376     0.4171      1.072          0          8        640: 75% ━━━━━━━━━─── 15/20 4.9it/s 3.2s     99/100      2.86G     0.5119      3.375      0.414      1.065          0          8        640: 80% ━━━━━━━━━╸── 16/20 5.0it/s 3.4s     99/100      2.86G     0.5085      3.372     0.4098      1.057          0          8        640: 85% ━━━━━━━━━━── 17/20 5.0it/s 3.6s     99/100      2.86G     0.5117       3.36     0.4124      1.052          0          8        640: 90% ━━━━━━━━━━╸─ 18/20 4.8it/s 3.8s     99/100      2.86G     0.5042      3.396     0.4127      1.053          0          1        640: 100% ━━━━━━━━━━━━ 20/20 5.1it/s 3.9s
                 Class     Images  Instances      Box(P          R      mAP50  mAP50-95)     Mask(P          R      mAP50  mAP50-95): 50                 Class     Images  Instances      Box(P          R      mAP50  mAP50-95)     Mask(P          R      mAP50  mAP50-95): 100% ━━━━━━━━━━━━ 2/2 7.5it/s 0.3s
                   all         17         17      0.799      0.937      0.898       0.68          0          0          0          0    

      Epoch    GPU_mem   box_loss   seg_loss   cls_loss   dfl_loss   sem_loss  Instances       Size
    100/100      2.86G     0.5303      3.529     0.4824      1.123          0          8        640: 5% ╸─────────── 1/20 1.6it/s 0.4s<1    100/100      2.86G     0.4962      3.404     0.4327      1.113          0          8        640: 10% ━─────────── 2/20 2.7it/s 0.6s<    100/100      2.86G     0.5495      3.439     0.4244      1.124          0          8        640: 15% ━╸────────── 3/20 3.4it/s 0.8s<    100/100      2.86G     0.5372      3.436     0.4152      1.124          0          8        640: 20% ━━────────── 4/20 4.0it/s 1.0s<    100/100      2.86G     0.5144      3.372     0.3997      1.074          0          8        640: 25% ━━━───────── 5/20 4.3it/s 1.2s<    100/100      2.86G     0.5092      3.407     0.3936      1.069          0          8        640: 30% ━━━╸──────── 6/20 4.4it/s 1.4s<    100/100      2.86G     0.4979      3.354     0.3882      1.047          0          8        640: 35% ━━━━──────── 7/20 4.6it/s 1.6s<    100/100      2.86G     0.5015      3.351     0.3881      1.048          0          8        640: 40% ━━━━╸─────── 8/20 4.6it/s 1.8s<    100/100      2.86G     0.4942      3.337     0.3878      1.047          0          8        640: 45% ━━━━━─────── 9/20 4.7it/s 2.0s<    100/100      2.86G     0.5004      3.381     0.3965      1.048          0          8        640: 50% ━━━━━━────── 10/20 4.8it/s 2.2s    100/100      2.86G     0.5033      3.371     0.3913      1.043          0          8        640: 55% ━━━━━━╸───── 11/20 4.8it/s 2.4s    100/100      2.86G     0.5099      3.382     0.3883      1.039          0          8        640: 60% ━━━━━━━───── 12/20 4.8it/s 2.6s    100/100      2.86G       0.51      3.374     0.3893      1.031          0          8        640: 65% ━━━━━━━╸──── 13/20 4.9it/s 2.8s    100/100      2.86G     0.5148      3.378      0.395      1.037          0          8        640: 70% ━━━━━━━━──── 14/20 4.8it/s 3.0s    100/100      2.86G     0.5196      3.393     0.3943      1.034          0          8        640: 75% ━━━━━━━━━─── 15/20 4.9it/s 3.2s    100/100      2.86G     0.5133      3.374     0.3925      1.021          0          8        640: 80% ━━━━━━━━━╸── 16/20 4.9it/s 3.4s    100/100      2.86G     0.5106      3.378     0.3903      1.022          0          8        640: 85% ━━━━━━━━━━── 17/20 4.9it/s 3.6s    100/100      2.86G     0.5097      3.389     0.3864      1.021          0          8        640: 90% ━━━━━━━━━━╸─ 18/20 4.8it/s 3.8s    100/100      2.86G     0.5063      3.427     0.3865      1.018          0          1        640: 100% ━━━━━━━━━━━━ 20/20 5.1it/s 3.9s
                 Class     Images  Instances      Box(P          R      mAP50  mAP50-95)     Mask(P          R      mAP50  mAP50-95): 50                 Class     Images  Instances      Box(P          R      mAP50  mAP50-95)     Mask(P          R      mAP50  mAP50-95): 100% ━━━━━━━━━━━━ 2/2 7.3it/s 0.3s
                   all         17         17      0.798      0.932      0.893      0.698          0          0          0          0    

100 epochs completed in 0.133 hours.
Optimizer stripped from E:\messy_files\UD_lab_test\runs\segment\runs\segment\yolo_model1\weights\last.pt, 23.9MB
Optimizer stripped from E:\messy_files\UD_lab_test\runs\segment\runs\segment\yolo_model1\weights\best.pt, 23.9MB

Validating E:\messy_files\UD_lab_test\runs\segment\runs\segment\yolo_model1\weights\best.pt...
Ultralytics 8.4.14  Python-3.9.25 torch-2.5.1+cu121 CUDA:0 (NVIDIA GeForce RTX 4070 Laptop GPU, 8188MiB)
YOLOv8s-seg summary (fused): 86 layers, 11,779,987 parameters, 0 gradients, 39.9 GFLOPs
                 Class     Images  Instances      Box(P          R      mAP50  mAP50-95)     Mask(P          R      mAP50  mAP50-95): 50                 Class     Images  Instances      Box(P          R      mAP50  mAP50-95)     Mask(P          R      mAP50  mAP50-95): 100% ━━━━━━━━━━━━ 2/2 7.2it/s 0.3s
                   all         17         17      0.798      0.932      0.893      0.698          0          0          0          0
Speed: 0.6ms preprocess, 5.0ms inference, 0.0ms loss, 1.0ms postprocess per image
Results saved to E:\messy_files\UD_lab_test\runs\segment\runs\segment\yolo_model1
开始验证模型。
Ultralytics 8.4.14  Python-3.9.25 torch-2.5.1+cu121 CUDA:0 (NVIDIA GeForce RTX 4070 Laptop GPU, 8188MiB)
YOLOv8s-seg summary (fused): 86 layers, 11,779,987 parameters, 0 gradients, 39.9 GFLOPs
val: Fast image access  (ping: 0.10.0 ms, read: 2789.2633.9 MB/s, size: 289.5 KB)
val: Scanning E:\messy_files\UD_lab_test\lasttry2\data\PennFudanPed_YOLO\labels\val.cache... 17 images, 0 backgrounds, 0 corrupt: 100% ━━━━━━━━━━━━ 17/17  0.0s
                 Class     Images  Instances      Box(P          R      mAP50  mAP50-95)     Mask(P          R      mAP50  mAP50-95): 50                 Class     Images  Instances      Box(P          R      mAP50  mAP50-95)     Mask(P          R      mAP50  mAP50-95): 100% ━━━━━━━━━━━━ 2/2 2.6it/s 0.8s
                   all         17         17      0.798      0.932      0.893      0.698          0          0          0          0
Speed: 7.1ms preprocess, 33.1ms inference, 0.0ms loss, 0.9ms postprocess per image
Results saved to E:\messy_files\UD_lab_test\runs\segment\val4
验证集指标：
边界框mAP50: 0.8935
分割mAP50: 0.0000
(base) PS E:\messy_files\UD_lab_test> 

(base) PS E:\messy_files\UD_lab_test> & D:\conda_env\hahaha\python.exe e:/messy_files/UD_lab_test/lasttry2/scripts/predict.py

0: 480x640 2 persons, 56.3ms
Speed: 2.5ms preprocess, 56.3ms inference, 17.7ms postprocess per image at shape (1, 3, 480, 640)

预测完成。组合结果图已保存至：E:\messy_files\UD_lab_test\lasttry2\最终输出
(base) PS E:\messy_files\UD_lab_test>